atomic_api_url,atomichub_url,collection_name,created_at_time,description,img,is_burnable,is_transferable,issued_supply,max_supply,name,schema_name,template_id,video
https://wax.api.atomicassets.io/atomicassets/v1/templates//773225,https://wax.atomichub.io/market?collection_name=&template_id=773225,,1704306288500,,bafybeictraluxizixisbubqj4yqru2tzm77ndvttpuhymkwpyp5m5vwwre,True,True,20,20,BITCOIN KiD x SARAHPFLY,,773225,"#GKniftyHEADS GENESIS NFT featuring the MIGHTY #SARAHPFY & THE BiTCOIN KiD -  WHAT YOU HAVE FOUND HERE IS A DIGITAL COLLECTABLE PIECE OF ART ⚡️⚡️⚡️  OR IS IT MORE???... 🤡🤡🤡  ONLY WHEN THIS NFT HAS BEEN USED IN-GAME WILL ITS REAL POWER BE UNLEASHED 👑👈  YOU MAY NEED TO BURN IT, GRIND IT BUT YOU CAN PLAY WITH IT XXX 🎯  ITS 2024 AND @GRAFFITIKINGS 👑 FACTIONS ARE RISING 🌏  🎯 The world’s financial institutions that once controlled the government’s stronghold on its citizens have crumbled, Leaving only the fractured remnants of monolithic structures, blotting the scorched #TinderSAUCE landscape, streets worldwide are left naked & BROKEN 🙏 everyone is selling the shirts on their backs to buy Crypto ⚡️⚡️⚡️  Crypto became our Currency ⚡️  Hip Hop became our Gospel 🙏  Tracksuits became our Armor 🦸  The streets are now a lawless, barren shadow of what once was 🎯  The Great Reset is fast approaching 🤡  👑 It's an awakening 🐸 the worlds darkest secrets, & conspiracy’s are the new normal 🤡🌍  🎯 Society’s BROKEN 🙏 we reverted to joining the infamous Crypto MOONBOYS in order to distinguish new safer communities within the New World Order ⚡️⚡️⚡️  ITS A @GKniftyHEADS TAKEOVER 🤟🤑🤞  GET READY TO BATTLE WITH THIS KILLA DIGITAL ART PIECE IN #HODLWARS 2024 ⚡️⚡️⚡️ & MORE   🕹 JOIN U$ ⚡️⚡️⚡️ 🕹 PLAY NOW 🕹 EARN ⚡️⚡️⚡️"
https://wax.api.atomicassets.io/atomicassets/v1/templates//775997,https://wax.atomichub.io/market?collection_name=&template_id=775997,,1705192081500,,bafybeifthehj4pfx7bc6fip2pofomxo43dp7joo5ndjwnxlnuadlhjixaq,True,True,11,11,WE ARE VANDALS NOT VANDULS,,775997,
https://wax.api.atomicassets.io/atomicassets/v1/templates//775999,https://wax.atomichub.io/market?collection_name=&template_id=775999,,1705193741000,,bafybeie67imgx4pnch2ho66n7ojiyco3bt5v4fo3qmo3ien5ndxrk2iyxe,True,True,10,10,WE ARE VANDALS NOT VANDULS ⚡️⚡️⚡️,,775999,
https://wax.api.atomicassets.io/atomicassets/v1/templates//776000,https://wax.atomichub.io/market?collection_name=&template_id=776000,,1705195062000,,bafybeihvm77fmacyuqgkac6p4cuaj4qe346rnrpvontshqlyfmuzzukula,True,True,1,1,👉 WE ARE VANDALS NOT VANDULS ⚡️⚡️⚡️,,776000,
https://wax.api.atomicassets.io/atomicassets/v1/templates//776001,https://wax.atomichub.io/market?collection_name=&template_id=776001,,1705195082000,,bafybeihvm77fmacyuqgkac6p4cuaj4qe346rnrpvontshqlyfmuzzukula,True,True,1,1,👉 WE ARE VANDALS NOT VANDULS ⚡️⚡️⚡️,,776001,
https://wax.api.atomicassets.io/atomicassets/v1/templates//776002,https://wax.atomichub.io/market?collection_name=&template_id=776002,,1705195998500,,bafybeia5mzbanxklwrw25tfbu2ljfupbwtqzucvzx5rytg6mjmimldlj4a,True,True,1,1,👉 BITCOIN KiD INFINITE ⚡️⚡️⚡️,,776002,
https://wax.api.atomicassets.io/atomicassets/v1/templates//776003,https://wax.atomichub.io/market?collection_name=&template_id=776003,,1705196312500,,bafybeibtv54bikm2isa7j6xrotp6wwizttvkpeuf737nrgi7tgjwplaznm,True,True,1,1,👉👑 BITCOIN KiD INFINITE ⚡️⚡️⚡️,,776003,
https://wax.api.atomicassets.io/atomicassets/v1/templates//776004,https://wax.atomichub.io/market?collection_name=&template_id=776004,,1705197467500,,bafybeictraluxizixisbubqj4yqru2tzm77ndvttpuhymkwpyp5m5vwwre,True,True,12,0,💊 BITCOIN KiD x SARAH PFLY INFINITE ⚡️⚡️⚡️,,776004,
https://wax.api.atomicassets.io/atomicassets/v1/templates//776005,https://wax.atomichub.io/market?collection_name=&template_id=776005,,1705197999000,,bafybeidfqqb7qaxk4lyigkexwmxizjebm34yxnmsbwmqp53cc7jpnjigpa,True,True,1,1,👑 BITCOIN KiD INFINITE ⚡️⚡️⚡️,,776005,
https://wax.api.atomicassets.io/atomicassets/v1/templates//776007,https://wax.atomichub.io/market?collection_name=&template_id=776007,,1705200696000,,bafybeifc6aamfxl6nvifghopwmjrjijpawirpi2tazqhak6uvozz4fqzwi,True,True,1,1,✨ BLOCKCHAIN FURIE INFINITE ⚡️⚡️⚡️,,776007,
https://wax.api.atomicassets.io/atomicassets/v1/templates//776049,https://wax.atomichub.io/market?collection_name=&template_id=776049,,1705238234500,,bafybeidwkyvhtoncu7qcdoz7fqu2gxhdnur4n2ph5eixikd2pqzlg3wdsu,True,True,0,0,⚡️⚡️⚡️ FREE`MINDS GK BEATS GENESIS,,776049,
https://wax.api.atomicassets.io/atomicassets/v1/templates//776055,https://wax.atomichub.io/market?collection_name=&template_id=776055,,1705239151000,,bafybeifc6aamfxl6nvifghopwmjrjijpawirpi2tazqhak6uvozz4fqzwi,True,True,1,1,✨ BLOCKCHAIN FURIE INFINITE ⚡️⚡️⚡️,,776055,
https://wax.api.atomicassets.io/atomicassets/v1/templates//776056,https://wax.atomichub.io/market?collection_name=&template_id=776056,,1705239529500,,bafybeidfqqb7qaxk4lyigkexwmxizjebm34yxnmsbwmqp53cc7jpnjigpa,True,True,10,0,👑 BITCOIN KiD INFINITE ⚡️⚡️⚡️,,776056,
https://wax.api.atomicassets.io/atomicassets/v1/templates//776057,https://wax.atomichub.io/market?collection_name=&template_id=776057,,1705239694000,,bafybeifc6aamfxl6nvifghopwmjrjijpawirpi2tazqhak6uvozz4fqzwi,True,True,7,0,✨ BLOCKCHAIN FURIE INFINITE ⚡️⚡️⚡️,,776057,
https://wax.api.atomicassets.io/atomicassets/v1/templates//776058,https://wax.atomichub.io/market?collection_name=&template_id=776058,,1705239800500,,bafybeibtv54bikm2isa7j6xrotp6wwizttvkpeuf737nrgi7tgjwplaznm,True,True,11,0,👉👑 BITCOIN KiD INFINITE ⚡️⚡️⚡️,,776058,
https://wax.api.atomicassets.io/atomicassets/v1/templates//776059,https://wax.atomichub.io/market?collection_name=&template_id=776059,,1705239890500,,bafybeia5mzbanxklwrw25tfbu2ljfupbwtqzucvzx5rytg6mjmimldlj4a,True,True,8,0,👉 BITCOIN KiD INFINITE ⚡️⚡️⚡️,,776059,
https://wax.api.atomicassets.io/atomicassets/v1/templates//776063,https://wax.atomichub.io/market?collection_name=&template_id=776063,,1705243077500,,bafybeifthehj4pfx7bc6fip2pofomxo43dp7joo5ndjwnxlnuadlhjixaq,True,True,8,0,WE ARE VANDALS NOT VANDULS,,776063,
https://wax.api.atomicassets.io/atomicassets/v1/templates//776065,https://wax.atomichub.io/market?collection_name=&template_id=776065,,1705243176000,,bafybeihvm77fmacyuqgkac6p4cuaj4qe346rnrpvontshqlyfmuzzukula,True,True,7,0,👉 WE ARE VANDALS NOT VANDULS ⚡️⚡️⚡️,,776065,
https://wax.api.atomicassets.io/atomicassets/v1/templates//776066,https://wax.atomichub.io/market?collection_name=&template_id=776066,,1705243260000,,bafybeie67imgx4pnch2ho66n7ojiyco3bt5v4fo3qmo3ien5ndxrk2iyxe,True,True,6,0,WE ARE VANDALS NOT VANDULS ⚡️⚡️⚡️,,776066,
https://wax.api.atomicassets.io/atomicassets/v1/templates//776074,https://wax.atomichub.io/market?collection_name=&template_id=776074,,1705247611500,,bafybeib26kz6mirvsog3xbk6srfzou6jqvegpbgf2t3ynuvahqpm64vj6i,True,True,13,100,👉 BITCOIN KiD TV HEADS 100 ⚡️⚡️⚡️,,776074,
https://wax.api.atomicassets.io/atomicassets/v1/templates//776099,https://wax.atomichub.io/market?collection_name=&template_id=776099,,1705253934500,,bafybeicqr4dgocedavorz6c66hno6lh6rurdbs7nyswczvjiuvakmr6zt4,True,True,1,0,👉 MR CHEO TEST PRESS ⚡️⚡️⚡️,,776099,
https://wax.api.atomicassets.io/atomicassets/v1/templates//776100,https://wax.atomichub.io/market?collection_name=&template_id=776100,,1705255245500,,bafybeidaaw5zhkhvij7ls6cup5ixjycz2zun3tr2ozgkethn57k4l4pkm4,True,True,1,1,👉 MR CHEO BRISTOL ⚡️⚡️⚡️,,776100,
https://wax.api.atomicassets.io/atomicassets/v1/templates//776101,https://wax.atomichub.io/market?collection_name=&template_id=776101,,1705255442500,,bafybeiabz22p26cxecgq56ap2chqqaiqkgokc7ay6iru4wi6qujwwq632q,True,True,1,1,👉 MR CHEO PURPLE PAINS ⚡️⚡️⚡️,,776101,
https://wax.api.atomicassets.io/atomicassets/v1/templates//776102,https://wax.atomichub.io/market?collection_name=&template_id=776102,,1705255740000,,bafybeih2olempqplvbitwpgvddext2uftpzxnviocf6k6jo5ieipvqmp3y,True,True,1,1,👉 MR CHEO $LAP HEAD ⚡️⚡️⚡️,,776102,
https://wax.api.atomicassets.io/atomicassets/v1/templates//776103,https://wax.atomichub.io/market?collection_name=&template_id=776103,,1705255989000,,bafybeibbk67x2m7uveo2k7igh4e5dcrnlduoki4dcjvucbecximzatxbcq,True,True,1,1,👉 MR CHEO SPIT HEAD ⚡️⚡️⚡️,,776103,
https://wax.api.atomicassets.io/atomicassets/v1/templates//776109,https://wax.atomichub.io/market?collection_name=&template_id=776109,,1705261289000,,bafybeidaaw5zhkhvij7ls6cup5ixjycz2zun3tr2ozgkethn57k4l4pkm4,True,True,0,0,👉 MR CHEO BRISTOL ⚡️⚡️⚡️,,776109,
https://wax.api.atomicassets.io/atomicassets/v1/templates//776110,https://wax.atomichub.io/market?collection_name=&template_id=776110,,1705261376000,,bafybeiabz22p26cxecgq56ap2chqqaiqkgokc7ay6iru4wi6qujwwq632q,True,True,0,0,👉 MR CHEO PURPLE PAINS ⚡️⚡️⚡️,,776110,
https://wax.api.atomicassets.io/atomicassets/v1/templates//776114,https://wax.atomichub.io/market?collection_name=&template_id=776114,,1705261462000,,bafybeih2olempqplvbitwpgvddext2uftpzxnviocf6k6jo5ieipvqmp3y,True,True,0,0,👉 MR CHEO $LAP HEAD ⚡️⚡️⚡️,,776114,
https://wax.api.atomicassets.io/atomicassets/v1/templates//776117,https://wax.atomichub.io/market?collection_name=&template_id=776117,,1705261550500,,bafybeibbk67x2m7uveo2k7igh4e5dcrnlduoki4dcjvucbecximzatxbcq,True,True,0,0,👉 MR CHEO SPIT HEAD ⚡️⚡️⚡️,,776117,
https://wax.api.atomicassets.io/atomicassets/v1/templates//776118,https://wax.atomichub.io/market?collection_name=&template_id=776118,,1705261941500,,bafybeigtbucpdjwy3d47jzxfshw4rzjqrzvlsatgpx5dqdmpcuy2ngseny,True,True,0,0,👉 MR CHEO PILL HEAD ⚡️⚡️⚡️,,776118,
https://wax.api.atomicassets.io/atomicassets/v1/templates//776119,https://wax.atomichub.io/market?collection_name=&template_id=776119,,1705262355000,,bafybeifd2abifqzuvhxuybv5pp6ycbemizssmx464qxi35dnkrrgolbw7u,True,True,0,0,👉 MR CHEO PINKY STAINS ⚡️⚡️⚡️,,776119,
https://wax.api.atomicassets.io/atomicassets/v1/templates//776120,https://wax.atomichub.io/market?collection_name=&template_id=776120,,1705262560000,,bafybeidjrbc7wpmwgpg5jm6vb673d7urufczx6piv42wwngd7onbb2o4nu,True,True,0,0,👉 MR CHEO TAB HEAD ⚡️⚡️⚡️,,776120,
https://wax.api.atomicassets.io/atomicassets/v1/templates//776121,https://wax.atomichub.io/market?collection_name=&template_id=776121,,1705263857500,,bafybeieglvlytaxkf3qcnz6dwmxfsuoogsgwhb347ylnudrqkj5b4bzvey,True,True,0,0,👉 MR CHEO BOOM HEAD ⚡️⚡️⚡️,,776121,
https://wax.api.atomicassets.io/atomicassets/v1/templates//776123,https://wax.atomichub.io/market?collection_name=&template_id=776123,,1705265656000,,bafybeic5lvhcuu5lqxnizqwcui73on2js5cizeiljgzbfw2x7cvimn6oli,True,True,0,99,👉 FOLLOW DARREN CULLEN ⚡️⚡️⚡️,,776123,
https://wax.api.atomicassets.io/atomicassets/v1/templates//776124,https://wax.atomichub.io/market?collection_name=&template_id=776124,,1705266321000,,bafybeigqcoeh3ggffddc4dhfteveywp4zmf3ijslvtloes4hbviyptccgu,True,True,0,99,👉 FOREVER DARREN CULLEN ⚡️⚡️⚡️,,776124,
https://wax.api.atomicassets.io/atomicassets/v1/templates//776145,https://wax.atomichub.io/market?collection_name=&template_id=776145,,1705276571500,,bafybeifcq3fa75swsff2mxzo2terqzwmg7vslg6kjwofqwinxxbuvdvizu,True,True,69,0,👉👑 BITCOIN KiD ROYALE ⚡️⚡️⚡️,,776145,
https://wax.api.atomicassets.io/atomicassets/v1/templates//776146,https://wax.atomichub.io/market?collection_name=&template_id=776146,,1705276864500,,bafybeidch5o5c5lnhcikxkctkbk4qfsdzinvhguay6bvw3pxnmt7f5cspu,True,True,63,0,👉 WE ARE VANDALS ⚡️⚡️⚡️,,776146,
https://wax.api.atomicassets.io/atomicassets/v1/templates//776147,https://wax.atomichub.io/market?collection_name=&template_id=776147,,1705277175500,,bafkreieoo6ucz2yvwzyuyh5tw2iangyjly6j7f5wn3q6o4s2vhqyciajri,True,True,65,0,VANDAL ⚡️⚡️⚡️,,776147,
https://wax.api.atomicassets.io/atomicassets/v1/templates//782888,https://wax.atomichub.io/market?collection_name=&template_id=782888,,1708475322500,,bafybeig5ckjqquat5x6z2stj3m5yvucjqrsxktrrjugvmk5wtq2sxmgdra,True,True,123450,0,👉 GKniftyHEADS FUN COUPON ⚡️⚡️⚡️,,782888,
https://wax.api.atomicassets.io/atomicassets/v1/templates//783235,https://wax.atomichub.io/market?collection_name=&template_id=783235,,1708699735000,,bafybeih4olbvgiygho5ifdpljjlmvhtw6ogzgjf2u4ot4ylmxn5ysnp7lm,True,True,8,0,Slickshot 👑🕹️💲,,783235,
https://wax.api.atomicassets.io/atomicassets/v1/templates//783237,https://wax.atomichub.io/market?collection_name=&template_id=783237,,1708700080000,,bafybeiaatjcfetddfkipnfdjbmltz6rxhz6efwmtdbwgzuaswfk6tgh24a,True,True,0,0,Chroma KiD 👑👈,,783237,
https://wax.api.atomicassets.io/atomicassets/v1/templates//783245,https://wax.atomichub.io/market?collection_name=&template_id=783245,,1708701716000,,bafybeicl6i6kbqsfljjuko66l7hy7osppfxjsmvno7bndv5bb2gfxxrefu,True,True,7,0,Shadow Streak 👑👈,,783245,
https://wax.api.atomicassets.io/atomicassets/v1/templates//783247,https://wax.atomichub.io/market?collection_name=&template_id=783247,,1708701910000,,bafybeiaatjcfetddfkipnfdjbmltz6rxhz6efwmtdbwgzuaswfk6tgh24a,True,True,6,0,Chroma KiD 👑👈,,783247,
https://wax.api.atomicassets.io/atomicassets/v1/templates//783250,https://wax.atomichub.io/market?collection_name=&template_id=783250,,1708702329000,,bafybeiaxq3h6ea2qyuew6z56v2cpwe47baj2qq6yr3tbyotqoqioewuraq,True,True,5,0,Raze Rebel 👑👈,,783250,
https://wax.api.atomicassets.io/atomicassets/v1/templates//783252,https://wax.atomichub.io/market?collection_name=&template_id=783252,,1708703211500,,bafybeiayoujdoeyr3prmbqt3rprweatkcqy6xuqgob7t4vxomnjrnvch6i,True,True,6,0,Drift Doodle 👑👈,,783252,
https://wax.api.atomicassets.io/atomicassets/v1/templates//783253,https://wax.atomichub.io/market?collection_name=&template_id=783253,,1708703527500,,bafybeibshf5dok27323mha444h5t7adbqt6wgms2jre6npwp43h25tbvyy,True,True,6,0,Marker Maven 👑👈,,783253,
https://wax.api.atomicassets.io/atomicassets/v1/templates//783255,https://wax.atomichub.io/market?collection_name=&template_id=783255,,1708704301500,,bafybeia3cpslxsuqv3uammqmxkaybtcp77ie3htxy7wlah54oqacyz2qxq,True,True,5,0,Dizzy Drip 👑👈,,783255,
https://wax.api.atomicassets.io/atomicassets/v1/templates//783258,https://wax.atomichub.io/market?collection_name=&template_id=783258,,1708707480000,,bafybeiehem6igyvxfisj3rqnogiuzo65isnd7f36wfgiqqvjm4nj3vbxhm,True,True,7,0,Inked Fury 👑👈,,783258,
https://wax.api.atomicassets.io/atomicassets/v1/templates//783260,https://wax.atomichub.io/market?collection_name=&template_id=783260,,1708707989500,,bafybeicqwqssba3snfksxvlcpkgwzhttwrsml2ihaf2kvq4szxqrsjp2ku,True,True,6,0,Scribe Serpent 👑👈,,783260,
https://wax.api.atomicassets.io/atomicassets/v1/templates//783263,https://wax.atomichub.io/market?collection_name=&template_id=783263,,1708708369000,,bafybeid2muxuftvwxbuuj5w22v5ck7csgljtet7to3byi72ntdfpupswly,True,True,6,0,Tagger Tempest 👑👈,,783263,
https://wax.api.atomicassets.io/atomicassets/v1/templates//783269,https://wax.atomichub.io/market?collection_name=&template_id=783269,,1708708670000,,bafybeid3plphgaj5zwpfcpvfeyafv5gkvlve7ptizxqpv3qjiskwztxqha,True,True,8,0,Rebel Riff 👑👈,,783269,
https://wax.api.atomicassets.io/atomicassets/v1/templates//783282,https://wax.atomichub.io/market?collection_name=&template_id=783282,,1708710990000,,bafybeichaln7ls6lyvbtvxs4prubxaecbxpw3qwwimb4hi6ppdyo33pwnq,True,True,7,0,Brick Burner 👑👈,,783282,
https://wax.api.atomicassets.io/atomicassets/v1/templates//783291,https://wax.atomichub.io/market?collection_name=&template_id=783291,,1708711520000,,bafybeici4ar6gn362vj4ug5emiumoh45mwkae6p27ksh5vmgcdd22v2lpu,True,True,7,0,Stencil Storm 👑👈,,783291,
https://wax.api.atomicassets.io/atomicassets/v1/templates//783295,https://wax.atomichub.io/market?collection_name=&template_id=783295,,1708711938000,,bafybeigojcjsot3mssjwordngnxco5x3wh5l22675xjpp6bzwv3skl67me,True,True,7,0,Paint Patriot 👑👈,,783295,
https://wax.api.atomicassets.io/atomicassets/v1/templates//783296,https://wax.atomichub.io/market?collection_name=&template_id=783296,,1708712563500,,bafybeia333ktwxfpibava4lsoyoo46ady5mzjazx4czi7cjn7uwzaypjvm,True,True,10,0,Stencil Siren 👑👈,,783296,
https://wax.api.atomicassets.io/atomicassets/v1/templates//783298,https://wax.atomichub.io/market?collection_name=&template_id=783298,,1708714152000,,bafybeicuokg2xje6px4csfmab45evslybswhjyp3ppghu5uwjqxf22qvli,True,True,7,0,Fume Fury ⚡️⚡️⚡️,,783298,
https://wax.api.atomicassets.io/atomicassets/v1/templates//783300,https://wax.atomichub.io/market?collection_name=&template_id=783300,,1708714684000,,bafybeigjuexr2ypaxpgcftoq2hvdka6qvk6dwrn57x2adnh43mszm4qmcu,True,True,7,0,Daring Doodle 🐸🐸🐸,,783300,
https://wax.api.atomicassets.io/atomicassets/v1/templates//783301,https://wax.atomichub.io/market?collection_name=&template_id=783301,,1708715048500,,bafybeifcqaa4vzrxe5qxrv3awvuqlgwkmmuibmxcy2rpjbszjsjmvdmubq,True,True,7,0,Chromatic Crusader 🌎💥💥💥🚀,,783301,
https://wax.api.atomicassets.io/atomicassets/v1/templates//783306,https://wax.atomichub.io/market?collection_name=&template_id=783306,,1708717901500,,bafybeihrjvcxhl6z7ebfb3ew6eykkj7n4kwai67ahr2bkez64d4wq2dz7m,True,True,7,0,Urban Oracle 👑👈,,783306,
https://wax.api.atomicassets.io/atomicassets/v1/templates//783307,https://wax.atomichub.io/market?collection_name=&template_id=783307,,1708720098500,,bafybeicp6pnw77qsx5l4rq24gxvpnlgt3nu7ypw7nqifk32ritlk6rbrki,True,True,8,0,Graphite Ghost 👑👈,,783307,
https://wax.api.atomicassets.io/atomicassets/v1/templates//783369,https://wax.atomichub.io/market?collection_name=&template_id=783369,,1708777080000,,bafybeifk5czx2sgokvzzjjcltwadgpqvcfjgta3ifty7xbyaxmsygsdi7u,True,True,0,0,"Tommy ""The Titan"" Tucci ⚡️⚡️⚡️",,783369,
https://wax.api.atomicassets.io/atomicassets/v1/templates//783370,https://wax.atomichub.io/market?collection_name=&template_id=783370,,1708777450500,,bafybeihq2uyp5dpld7ymhcwdfgc2g6tkhnblxjzxv7yrpplkox6mnrqs3e,True,True,0,0,"Vin ""The Vanguard"" Ventura⚡️⚡️⚡️",,783370,
https://wax.api.atomicassets.io/atomicassets/v1/templates//783371,https://wax.atomichub.io/market?collection_name=&template_id=783371,,1708778258000,,bafybeihq2uyp5dpld7ymhcwdfgc2g6tkhnblxjzxv7yrpplkox6mnrqs3e,True,True,5,0,"Vin ""The Vanguard"" Ventura ⚡️⚡️⚡️",,783371,
https://wax.api.atomicassets.io/atomicassets/v1/templates//783372,https://wax.atomichub.io/market?collection_name=&template_id=783372,,1708778472500,,bafybeifk5czx2sgokvzzjjcltwadgpqvcfjgta3ifty7xbyaxmsygsdi7u,True,True,5,0,"Tommy ""The Titan"" Tucci ⚡️⚡️⚡️",,783372,
https://wax.api.atomicassets.io/atomicassets/v1/templates//783373,https://wax.atomichub.io/market?collection_name=&template_id=783373,,1708778683000,,bafybeibdgccrxunots4cw4hw6fdq7jxkamsvhtcrcf2mbhbdu2vc7u3lde,True,True,5,0,"👉 Joey ""The Oracle"" Olivieri ⚡️⚡️⚡️",,783373,
https://wax.api.atomicassets.io/atomicassets/v1/templates//783374,https://wax.atomichub.io/market?collection_name=&template_id=783374,,1708779006000,,bafybeidbjdbgfua7atfyox4iye7ioudjuup5lcvdowii77ngnb3pqxdzai,True,True,5,0,"🌈 Frankie ""The Phoenix"" Piccioli ⚡️⚡️⚡️",,783374,
https://wax.api.atomicassets.io/atomicassets/v1/templates//783375,https://wax.atomichub.io/market?collection_name=&template_id=783375,,1708779671000,,bafybeigvza5vdtk53zlihmgfhou2tci56zjb7srurr5qkqqyu3fpibvbni,True,True,4,0,"🎯 Vinny ""The Visionary"" Valenti ⚡️⚡️⚡️",,783375,
https://wax.api.atomicassets.io/atomicassets/v1/templates//783376,https://wax.atomichub.io/market?collection_name=&template_id=783376,,1708779990000,,bafybeiauba4wiyzthqxavvec32ldzhctpaeev6k7rwlyqgvcb4fftral5u,True,True,5,0,"🐸 Tony ""The Technician"" Toscano⚡️⚡️⚡️",,783376,
https://wax.api.atomicassets.io/atomicassets/v1/templates//783377,https://wax.atomichub.io/market?collection_name=&template_id=783377,,1708780323000,,bafybeih37phmmplqu2pvson3knw7egctgcs5iz47vdmr3bgfgyem46xmdi,True,True,4,0,"🌈 Richie ""The Ricochet"" Ricci⚡️⚡️⚡️",,783377,
https://wax.api.atomicassets.io/atomicassets/v1/templates//783378,https://wax.atomichub.io/market?collection_name=&template_id=783378,,1708780585500,,bafybeiafeyeh7qsq4v2spbfh75br7uxlytg6bq37bpvc44yprpqyev3hlu,True,True,6,0,"🍄 Marco ""The Maestro"" Mancini ⚡️⚡️⚡️",,783378,
https://wax.api.atomicassets.io/atomicassets/v1/templates//783379,https://wax.atomichub.io/market?collection_name=&template_id=783379,,1708780828000,,bafybeifiytwsntxhgbklgxiv2nmype47zkeezuu256m7ggipyi2sxcjzcu,True,True,5,0,"🌈 Rocco ""The Rocket"" Radic 👀",,783379,
https://wax.api.atomicassets.io/atomicassets/v1/templates//783380,https://wax.atomichub.io/market?collection_name=&template_id=783380,,1708781095500,,bafybeihhg6n5ssgufd6yn3jpmwbaigonoedoksf65osqv5civcaiwagfz4,True,True,6,0,"👑 Carmine ""The Conductor"" Cimino⚡️⚡️⚡️",,783380,
https://wax.api.atomicassets.io/atomicassets/v1/templates//783383,https://wax.atomichub.io/market?collection_name=&template_id=783383,,1708781816500,,bafybeifk5khghgrhbzr7d6g32s3j327o6jsuh7abwzdzytkun6w4myxqpi,True,True,0,0,"💋 Joey ""The Juggernaut"" Jablonski ⚡️⚡️⚡️",,783383,
https://wax.api.atomicassets.io/atomicassets/v1/templates//783384,https://wax.atomichub.io/market?collection_name=&template_id=783384,,1708782132000,,bafybeidzqq5pl36ywzdeh54gj3kbg4zb23r3pbs2wx2okg5mdyvrktmr5u,True,True,5,0,"🌈 Johnny ""The Jetstream"" Jankovic ⚡️⚡️⚡️",,783384,
https://wax.api.atomicassets.io/atomicassets/v1/templates//783385,https://wax.atomichub.io/market?collection_name=&template_id=783385,,1708782642500,,bafybeiegt6qky5rbjjsngtd5lbxmzbgbmyx4iewm6gqoqiv3jflbriontu,True,True,5,0,"👉 Nicky ""The Ninja"" Napolitano ⚡️⚡️⚡️",,783385,
https://wax.api.atomicassets.io/atomicassets/v1/templates//783389,https://wax.atomichub.io/market?collection_name=&template_id=783389,,1708784028500,,bafybeicyb2dljdhimw7kmrxcy3xqcumkqx3g5iqg6vopzhog73wwi2wga4,True,True,5,0,"👉 Louie ""HAY YOU GUYS"" Lupo ⚡️⚡️⚡️",,783389,
https://wax.api.atomicassets.io/atomicassets/v1/templates//783392,https://wax.atomichub.io/market?collection_name=&template_id=783392,,1708785158500,,bafybeicvxtqbkyz3ktvu4mpkkmstljxir23cflsqntgxwvkos56eberwx4,True,True,9,0,🍒 Blockchain Belle 💋,,783392,
https://wax.api.atomicassets.io/atomicassets/v1/templates//783394,https://wax.atomichub.io/market?collection_name=&template_id=783394,,1708785672500,,bafybeihexllo7ryfyckufpdqgssktn4qep5fhr2rkrzwz2ybbjmzosb5ny,True,True,6,0,🍒 Digital Diva 💋,,783394,
https://wax.api.atomicassets.io/atomicassets/v1/templates//783395,https://wax.atomichub.io/market?collection_name=&template_id=783395,,1708786002500,,bafybeia7y5c4zkiqfsmhvmvfxrw2qbcmn7ruq3e2ooqrzrc2hu5taixx24,True,True,9,0,🍒 Bit Boss 💋,,783395,
https://wax.api.atomicassets.io/atomicassets/v1/templates//783398,https://wax.atomichub.io/market?collection_name=&template_id=783398,,1708786213000,,bafybeids2r2kj53bfzznzvzid2idohjdb5k3ws6kg346kmcidymyrtvqfi,True,True,5,0,🍒 Virtual Vixen 💋,,783398,
https://wax.api.atomicassets.io/atomicassets/v1/templates//783399,https://wax.atomichub.io/market?collection_name=&template_id=783399,,1708786404500,,bafybeia3uoo6jsuuerhwquw4tzdmlcwlxv4chqsaaoghx25yposb2om2oa,True,True,5,0,🍒 Decentralized Duchess 💋,,783399,
https://wax.api.atomicassets.io/atomicassets/v1/templates//783400,https://wax.atomichub.io/market?collection_name=&template_id=783400,,1708786770000,,bafybeihg7tohixmensuebcvikpbvnizaiftsx5jw2435lqseyb2or276hu,True,True,0,0,🍒 DeFi Dame 💋,,783400,
https://wax.api.atomicassets.io/atomicassets/v1/templates//783401,https://wax.atomichub.io/market?collection_name=&template_id=783401,,1708787328000,,bafybeiexor3mrn5jgf6qlbzsehxox6k6c3vjbyltdo3pwrun5atcomxhtq,True,True,5,0,🍒 Token Temptress 💋,,783401,
https://wax.api.atomicassets.io/atomicassets/v1/templates//783403,https://wax.atomichub.io/market?collection_name=&template_id=783403,,1708787689000,,bafybeifm4twytngnkeckix75qxx72ir7qxfpbpzz5oqxrtahk55tgwirke,True,True,6,0,🍒 Virtual Valkyrie 💋,,783403,
https://wax.api.atomicassets.io/atomicassets/v1/templates//783404,https://wax.atomichub.io/market?collection_name=&template_id=783404,,1708789206500,,bafybeifyxoicqbymwum6dk7pecv44ilu4wojrg3ejjf5mbja22catvvdte,True,True,5,0,🍒 Digital Duchess 💋,,783404,
https://wax.api.atomicassets.io/atomicassets/v1/templates//783405,https://wax.atomichub.io/market?collection_name=&template_id=783405,,1708790203500,,bafybeieujuphtfeknpv5n2heqak7kq6f5chpdo5eg6eiejsosfqrqaabpq,True,True,5,0,🍒 Token Tycooness 💋,,783405,
https://wax.api.atomicassets.io/atomicassets/v1/templates//783406,https://wax.atomichub.io/market?collection_name=&template_id=783406,,1708790419000,,bafybeiepenghztqisqv4eiaaoymyvlsoaeeuqdayq5qgjzaapayjbdhxyy,True,True,7,0,🍒 Altcoin Avenger 💋,,783406,
https://wax.api.atomicassets.io/atomicassets/v1/templates//783407,https://wax.atomichub.io/market?collection_name=&template_id=783407,,1708790884000,,bafybeihr4w3hs6esntgwnz34luhxvdt66g6lrvr3nhfh3fn77zn6ds4w5e,True,True,6,0,🍒 Blockchain Bombshell 💋,,783407,
https://wax.api.atomicassets.io/atomicassets/v1/templates//783408,https://wax.atomichub.io/market?collection_name=&template_id=783408,,1708791582000,,bafybeicifcbrlockys5vlspoq22t4oypokjxbgrhmfp6tswvastjse337e,True,True,8,0,🍒 Cipherella 💋,,783408,
https://wax.api.atomicassets.io/atomicassets/v1/templates//783409,https://wax.atomichub.io/market?collection_name=&template_id=783409,,1708791959000,,bafybeicifcbrlockys5vlspoq22t4oypokjxbgrhmfp6tswvastjse337e,True,True,0,0,🍒 WAXP Banshee 💋,,783409,
https://wax.api.atomicassets.io/atomicassets/v1/templates//783410,https://wax.atomichub.io/market?collection_name=&template_id=783410,,1708792224000,,bafybeib4uccr3kemcmyk2hpwkagixydi6m26cld3chkz4mmqp7ellok554,True,True,5,0,🍒 WAXP Banshee 💋,,783410,
https://wax.api.atomicassets.io/atomicassets/v1/templates//783411,https://wax.atomichub.io/market?collection_name=&template_id=783411,,1708792459000,,bafybeiehofgwpmyjdfhbjrmvircadrxhzbicvrh4m5x7z3kad3horpxz5e,True,True,4,0,🍒 Crypto Charmcaster 💋,,783411,
https://wax.api.atomicassets.io/atomicassets/v1/templates//783412,https://wax.atomichub.io/market?collection_name=&template_id=783412,,1708792804000,,bafybeic7akm2z7e2bamngsod2t5id2f42yi6kqhwcjibvebm4hibs65qn4,True,True,4,0,🍒 Coin Conqueress 💋,,783412,
https://wax.api.atomicassets.io/atomicassets/v1/templates//783413,https://wax.atomichub.io/market?collection_name=&template_id=783413,,1708793179000,,bafybeiajciuwl6v7ahteflxvjvniz2rrs7n2jdhenae53qzfuhfds5d3s4,True,True,5,0,🍒 Cipher Seraph 💋,,783413,
https://wax.api.atomicassets.io/atomicassets/v1/templates//783414,https://wax.atomichub.io/market?collection_name=&template_id=783414,,1708793379000,,bafybeig7eqgicp2ubzlejgqftxmt5ue44vj5cv5hwec7yt47dqbhgbrfqe,True,True,7,0,"🍒 WAXP Femme Fatale, the Token Temptress 💋",,783414,
https://wax.api.atomicassets.io/atomicassets/v1/templates//783415,https://wax.atomichub.io/market?collection_name=&template_id=783415,,1708793526000,,bafybeiaw5wz4x54ij5bxdwpoeyfmtgy5ovazghg7p5ucqv6dyszi2pbasm,True,True,6,0,"🍒 Bit Brawler, the Byte Battler 💋",,783415,
https://wax.api.atomicassets.io/atomicassets/v1/templates//783431,https://wax.atomichub.io/market?collection_name=&template_id=783431,,1708794697000,,bafybeihjuel6eonyufya6ilf62p7pohffwzmup3avdzy3arodwhcwxde5y,True,True,6,0,"🤘 Vincenzo ""Il Criptografo"" Russo 👑",,783431,
https://wax.api.atomicassets.io/atomicassets/v1/templates//783432,https://wax.atomichub.io/market?collection_name=&template_id=783432,,1708795267500,,bafybeiffvdn7xutjsvdqqrtml52tjm3gc4roql3yrl3byvb7osj353wdgy,True,True,4,0,"🤘 Marco ""Crypto Maestro"" Rossi 👑",,783432,
https://wax.api.atomicassets.io/atomicassets/v1/templates//783433,https://wax.atomichub.io/market?collection_name=&template_id=783433,,1708795460500,,bafybeiatpimcfyvvbdz76vgpw5shclhzhptgjgimj4nfjzyr6mpq5zszfa,True,True,5,0,"🤘 Giovanni ""Gas Guzzler"" Giordano 👑",,783433,
https://wax.api.atomicassets.io/atomicassets/v1/templates//783442,https://wax.atomichub.io/market?collection_name=&template_id=783442,,1708801536000,,bafybeif2aom5bgktmhb2xkjxvgfijfcg6fhtoi4ptcwiaid2r6dwh7slri,True,True,4,0,"🤘 Alessandro ""Satoshi Samurai"" Ferrari 👑",,783442,
https://wax.api.atomicassets.io/atomicassets/v1/templates//783444,https://wax.atomichub.io/market?collection_name=&template_id=783444,,1708803318000,,bafybeiefik2puy6ms2pgpqkwtc2bun3fl6f2zker77aotcdyutjlsfrzn4,True,True,4,0,"🤘 Luca ""Altcoin Assassin"" Bianchi 👑",,783444,
https://wax.api.atomicassets.io/atomicassets/v1/templates//783445,https://wax.atomichub.io/market?collection_name=&template_id=783445,,1708804038000,,bafybeiflpdsu4w7q3f6mzqswei6zbu3zpoxv7b5lx5ssg2gsa35vsl6luq,True,True,5,0,"🤘 Alessandro ""Anonymity Advocate"" Amato 👑",,783445,
https://wax.api.atomicassets.io/atomicassets/v1/templates//783447,https://wax.atomichub.io/market?collection_name=&template_id=783447,,1708804260500,,bafybeibgj7jkmhu3r6idhszpb2af7x3l737wxmhs2lgwehzrpke426e2dy,True,True,4,0,"🤘 Matteo ""Bitcoin Bandit"" Gallo 👑",,783447,
https://wax.api.atomicassets.io/atomicassets/v1/templates//783448,https://wax.atomichub.io/market?collection_name=&template_id=783448,,1708804630500,,bafybeifqvngsazaykpw74h4mfy45a3k57axf4q2cls3otpep3fejgw2ene,True,True,5,0,"🤘 Antonio ""Ether Emperor"" Costa 👑",,783448,
https://wax.api.atomicassets.io/atomicassets/v1/templates//783451,https://wax.atomichub.io/market?collection_name=&template_id=783451,,1708804840000,,bafybeiauowvdc73gp5dzlcoalbcufbqbi3ayn74w2oab3nstfiiwf5dn4u,True,True,5,0,"🤘 Giovanni ""CryptoCartel"" Ricci 👑",,783451,
https://wax.api.atomicassets.io/atomicassets/v1/templates//783453,https://wax.atomichub.io/market?collection_name=&template_id=783453,,1708806488500,,bafybeie3ikplompldqcrcdpimmaiw5ifkel4g6frt5vmfnsymnbtjmoy7y,True,True,7,0,"🤘 Giorgio ""CryptoChieftain"" Bianco 👑",,783453,
https://wax.api.atomicassets.io/atomicassets/v1/templates//783454,https://wax.atomichub.io/market?collection_name=&template_id=783454,,1708806688500,,bafybeidgdopdw5t3ak6h4jqflioij3kq6endnorwzycdt27urpfmrqhkcy,True,True,5,0,"🤘 Davide ""Altcoin Alchemist"" Marino 👑",,783454,
https://wax.api.atomicassets.io/atomicassets/v1/templates//783455,https://wax.atomichub.io/market?collection_name=&template_id=783455,,1708807105500,,bafybeiaejf4il4advxhku2jdtpvshzehwewpyjv2lajzahftkb2bp5wrfa,True,True,72,0,"🤘 Andrea ""Blockchain Buccaneer"" Moretti 👑",,783455,
https://wax.api.atomicassets.io/atomicassets/v1/templates//783457,https://wax.atomichub.io/market?collection_name=&template_id=783457,,1708807868000,,bafybeics7dpbwy7w6a67cpghqcbynl6s6gfgxzkizv3t76tsp7b4th4ipe,True,True,5,0,"🤘 Matteo ""Cryptocurrency Connoisseur"" De Angelis 👑",,783457,
https://wax.api.atomicassets.io/atomicassets/v1/templates//783459,https://wax.atomichub.io/market?collection_name=&template_id=783459,,1708808075000,,bafybeievbxk5o2et3lg6ixct7tflegywshmsieqwwzufv3tpzl3pm3f3oe,True,True,5,0,"🤘 VGiovanni ""NFT Ninja"" Rossi👑",,783459,
https://wax.api.atomicassets.io/atomicassets/v1/templates//783461,https://wax.atomichub.io/market?collection_name=&template_id=783461,,1708808518500,,bafybeicke7tbd47h6ohi3lwtueg3sdvm5q244sbyxpjbbvrkttf6akxaj4,True,True,6,0,"🤘 Alessandro ""Token Titan"" Marini 👑",,783461,
https://wax.api.atomicassets.io/atomicassets/v1/templates//783462,https://wax.atomichub.io/market?collection_name=&template_id=783462,,1708808834000,,bafybeibe53ldyzq4qvfczqs2entbx34tx2dopfj65bepwbb6fgkfovc65q,True,True,7,0,"🤘 Matteo ""Token Tactician"" Romano 👑",,783462,
https://wax.api.atomicassets.io/atomicassets/v1/templates//783463,https://wax.atomichub.io/market?collection_name=&template_id=783463,,1708809079500,,bafybeignuca7zr6rphoi3dmas6y25cmduvdasg6khmyrcqhjy5gqjaqjgy,True,True,9,0,"🤘 Giulia ""Satoshi Sorceress"" Espositooo 👑",,783463,
https://wax.api.atomicassets.io/atomicassets/v1/templates//783464,https://wax.atomichub.io/market?collection_name=&template_id=783464,,1708809439500,,bafybeihihzlmodncubcz6rogjkbzvaeo3rwubrs3ef6xflqzopzrrudqj4,True,True,7,0,"🤘 Marco ""Coin Conqueror"" Moretti 👑",,783464,
https://wax.api.atomicassets.io/atomicassets/v1/templates//783466,https://wax.atomichub.io/market?collection_name=&template_id=783466,,1708811400500,,bafybeigpcp5vtteds56od2q3rnmutz57sum6biijykcvra5vqytthv3m7e,True,True,7,0,"🤘 Martina ""Cryptocurrency Crusader"" Lombardi 👑",,783466,
https://wax.api.atomicassets.io/atomicassets/v1/templates//783468,https://wax.atomichub.io/market?collection_name=&template_id=783468,,1708813969500,,bafybeies222uioys3gbsip4hjmynoe4bmqsd6yvlfs7affgfkpzk7kthwy,True,True,12,100,⚡️⚡️⚡️ Cyber Shinobi Shroud 🤖,,783468,
https://wax.api.atomicassets.io/atomicassets/v1/templates//783470,https://wax.atomichub.io/market?collection_name=&template_id=783470,,1708814710500,,bafybeieqpkx4mjspwkisiqr6ufsgdyalnttiwcke2qo7riqiqsp7eopkhi,True,True,12,100,"⚡️⚡️⚡️ Lotus Luminary ""CHARLIE BUSTER"" Lancer 🤖",,783470,
https://wax.api.atomicassets.io/atomicassets/v1/templates//783747,https://wax.atomichub.io/market?collection_name=&template_id=783747,,1708983943000,,bafybeig4agold6m2czhapkz37cmqudsyj7gusn55b3icyfli2kqaevp4si,True,True,7,100,⚡️⚡️⚡️ Robin-Ronin Rampage 🤖,,783747,
https://wax.api.atomicassets.io/atomicassets/v1/templates//783755,https://wax.atomichub.io/market?collection_name=&template_id=783755,,1708988185000,,bafybeihhvlfldxzwno3jvvi7utlt7lrw45rhhetxy3xxwl2maa3qiiutzi,True,True,7,100,⚡️⚡️⚡️ CZen Zone Zero Zealot 🤖,,783755,
https://wax.api.atomicassets.io/atomicassets/v1/templates//783757,https://wax.atomichub.io/market?collection_name=&template_id=783757,,1708988447000,,bafybeifuk4ufdhwvpq2xzzpvb3nojz7ihc5sqns553nrbm6vwprzraoleq,True,True,7,100,⚡️⚡️⚡️ Cyber Shinobi Strike 🤖,,783757,
https://wax.api.atomicassets.io/atomicassets/v1/templates//783759,https://wax.atomichub.io/market?collection_name=&template_id=783759,,1708989096000,,bafybeihw3xeu6l6u5novbhtlorcfzfztinsczivfxt6igtqmxlqzfjfjja,True,True,8,100,⚡️⚡️⚡️ Zenith Zephyr Zealot 🤖,,783759,
https://wax.api.atomicassets.io/atomicassets/v1/templates//783760,https://wax.atomichub.io/market?collection_name=&template_id=783760,,1708989937000,,bafybeicrsvm224fnmhiaad6mxonmfnlehv2t6uao4wv6ae62qbff6uewg4,True,True,8,100,⚡️⚡️⚡️ Tsunami BTC Titan 🤖,,783760,
https://wax.api.atomicassets.io/atomicassets/v1/templates//783764,https://wax.atomichub.io/market?collection_name=&template_id=783764,,1708992962500,,bafybeickitz74iz2iiyc66lvvdk6cmtn4j337tt6prx3wqkpfdcp7g3u4m,True,True,8,100,⚡️⚡️⚡️ Doughnut 🍩 Ninja Nova 🤖,,783764,
https://wax.api.atomicassets.io/atomicassets/v1/templates//784220,https://wax.atomichub.io/market?collection_name=&template_id=784220,,1709204546500,,bafybeiewutfd74l4ix7cn6nyijriq5nfkojihk7uqucnzhmhup52jhssgy,True,True,1,1,⚡️⚡️⚡️ Bitman 🦇,,784220,
https://wax.api.atomicassets.io/atomicassets/v1/templates//784229,https://wax.atomichub.io/market?collection_name=&template_id=784229,,1709207036000,,bafybeiewutfd74l4ix7cn6nyijriq5nfkojihk7uqucnzhmhup52jhssgy,True,True,6,0,⚡️⚡️⚡️ Bitman 🦇,,784229,
https://wax.api.atomicassets.io/atomicassets/v1/templates//784264,https://wax.atomichub.io/market?collection_name=&template_id=784264,,1709225976000,,bafybeihfi4ugnmb2dneeldvpczaffusmdwmaqveggcrm6gnvykx4ihpjeq,True,True,7,0,⚡️⚡️⚡️ Satoshi Knight 🦇,,784264,
https://wax.api.atomicassets.io/atomicassets/v1/templates//784266,https://wax.atomichub.io/market?collection_name=&template_id=784266,,1709227121000,,bafybeig75qlsv7h5ujojqyppc45s3qvrie55yzngbv5kynatios7qbr5uy,True,True,5,0,⚡️⚡️⚡️ CryptoFrank ☠️,,784266,
https://wax.api.atomicassets.io/atomicassets/v1/templates//784269,https://wax.atomichub.io/market?collection_name=&template_id=784269,,1709227966000,,bafybeic2nazvjnmddr43dtyrzdmomqnwm32cvca4xk3galj2kbffwzwth4,True,True,5,0,⚡️⚡️⚡️ Freddie CryptoCrusader ☠️,,784269,
https://wax.api.atomicassets.io/atomicassets/v1/templates//784272,https://wax.atomichub.io/market?collection_name=&template_id=784272,,1709229641000,,bafybeidhbkvdr3cb23dswbv7pv5t4cmra7idxd45c2b3656hm7epij5ys4,True,True,7,0,⚡️⚡️⚡️ MyersCoin13 ☠️,,784272,
https://wax.api.atomicassets.io/atomicassets/v1/templates//784274,https://wax.atomichub.io/market?collection_name=&template_id=784274,,1709230527000,,bafybeihjnzpyf2sdfvlwlx3zehzzqwojgf6vmb4zyj5ppkfxllvkmpirre,True,True,12,0,⚡️⚡️⚡️ WAXP Sentinel Solar Savior ⚡️⚡️⚡️,,784274,
https://wax.api.atomicassets.io/atomicassets/v1/templates//784276,https://wax.atomichub.io/market?collection_name=&template_id=784276,,1709231357500,,bafybeihqmxqgicy6dcvfts4cwus4c5yflqtuazvy6ytnyab6qw6svkmfea,True,True,6,0,⚡️⚡️⚡️ Darknet Lord ☠️,,784276,
https://wax.api.atomicassets.io/atomicassets/v1/templates//784277,https://wax.atomichub.io/market?collection_name=&template_id=784277,,1709232594500,,bafybeieecpxe7pkjs5jvudpi6leepaksmthkqweaeyreuz4p5dqa5jz3vy,True,True,9,0,⚡️⚡️⚡️ Binary Blitzer 🌬🌬🌬,,784277,
https://wax.api.atomicassets.io/atomicassets/v1/templates//784280,https://wax.atomichub.io/market?collection_name=&template_id=784280,,1709233749500,,bafybeidphuw3blvv4envw24ue7ni3zc22fjeq7eshdbvyqwiykvjwylhdu,True,True,6,0,⚡️⚡️⚡️ Bit-Skull ☠️,,784280,
https://wax.api.atomicassets.io/atomicassets/v1/templates//784284,https://wax.atomichub.io/market?collection_name=&template_id=784284,,1709235702500,,bafybeicpvlg7y3dtmy5um3ezqf6cgttqozr5xqvk3mxbk7ytrh4mmpznx4,True,True,5,0,⚡️⚡️⚡️ Bitcoin Barbarian ⚡️⚡️⚡️,,784284,
https://wax.api.atomicassets.io/atomicassets/v1/templates//784332,https://wax.atomichub.io/market?collection_name=&template_id=784332,,1709244901000,,bafybeihbkb3toazoygoqqiky6muq6zbkkwyietnyo7crshotbrjl64i2p4,True,True,11,50,⚡️⚡️⚡️ Bitforce Bitcoin Battler ⚡️⚡️⚡️,,784332,
https://wax.api.atomicassets.io/atomicassets/v1/templates//784340,https://wax.atomichub.io/market?collection_name=&template_id=784340,,1709246116000,,bafybeif77ga2uciauafcfgv63h4mvkid6hncygtubxg55qwtjvstqa4jhe,True,True,10,50,⚡️⚡️⚡️ WAXP BOBBY $TORM 👀,,784340,
https://wax.api.atomicassets.io/atomicassets/v1/templates//784344,https://wax.atomichub.io/market?collection_name=&template_id=784344,,1709247412000,,bafybeifqbtpwtp3xxhv7gjzenxxq5hobqoo44okgcwb6us3rej22xynnue,True,True,9,100,⚡️⚡️⚡️ WAXP JOKE$TER ⚡️⚡️⚡️,,784344,
https://wax.api.atomicassets.io/atomicassets/v1/templates//784349,https://wax.atomichub.io/market?collection_name=&template_id=784349,,1709250169000,,bafybeia2c67fpae442anvmdqmcl2gw5y3cnmgztkxlvzc75jr3tv2dzevu,True,True,0,3,💋 SARAH PFLY 💋,,784349,
https://wax.api.atomicassets.io/atomicassets/v1/templates//784350,https://wax.atomichub.io/market?collection_name=&template_id=784350,,1709250454000,,bafybeigdnrg6a7lajgyu5yfjwjvj35ohaeggmjzb5jyzgpq3hcsgtqqoja,True,True,7,0,💋 SARAH P2FLY 💋,,784350,
https://wax.api.atomicassets.io/atomicassets/v1/templates//784413,https://wax.atomichub.io/market?collection_name=&template_id=784413,,1709293264500,,bafybeiea3vufx52uppkvkspnfvbddqo7vvodigo4soxtjvvfxwqylnfkp4,True,True,8,0,👉 Neon Nova Knightmare 👑👈,,784413,
https://wax.api.atomicassets.io/atomicassets/v1/templates//784419,https://wax.atomichub.io/market?collection_name=&template_id=784419,,1709294702000,,bafybeidbiyvnzxhmvebdbhhabbswh43it62v7kqo5qrlsbptlxduvspix4,True,True,8,0,👉 Nova Shadow Shredder 👑👈,,784419,
https://wax.api.atomicassets.io/atomicassets/v1/templates//788015,https://wax.atomichub.io/market?collection_name=&template_id=788015,,1710947472000,,bafybeihg7tohixmensuebcvikpbvnizaiftsx5jw2435lqseyb2or276hu,True,True,9,0,🍒 DeFi Dame 💋,,788015,
https://wax.api.atomicassets.io/atomicassets/v1/templates//904071,https://wax.atomichub.io/market?collection_name=&template_id=904071,,1769791148000,,,True,True,0,50,DEKO,,904071,https://bafybeicmmzmvacwl4v4jmylw3xokanrm7uildfroxgrfw5j7de44a2tscm.ipfs.w3s.link/SCTV%20NFT%20%23001%20-%20MONE.mp4
