source_file,source_bytes,sha256,disposition,existing_site_routes,editorial_action
M16.txt,10202,9653208dc10e8365efe2dc983df86cd73351d2379950b7b1ba52c04baac965f2,CONFLICT,wiki/first-witness-concordance.html;wiki/first-witness-forty-paths.html,Complete original read; 2198 TripleFork prospective3030 FinalFork and TBD-filled complete roster conflict with current anchors. Remaining biography product-truth and roster cross-comparison pending.
W1.txt,22071,5cd124064d90797e6f924c1b77aade5c1d4063d6e02e339eb2827dff76511a30,PARTIAL,wiki/squeaky-pinks-enforcers.html;wiki/first-witness-apocrypha-disputed-passages.html;wiki/whisper-codex.html,Keep Whisper Codex and Conformal Reset as disputed apocryphal cosmology not verified cosmic physics; Issue 1458 dedicated attributed article and focused source recovery; no full-scene coverage inferred
W10.txt,47211,7f9a2047dd889a6c2ce7a1c53a20f80a84a070416d3147d4aca0468a3bddf3df,COVERED,wiki/whale-lords.html,Megaptera Prime Liquidator Kid Zero and Deep Holder claims already receive substantial attribution
W11.txt,15172,f64c7354aa456c096262e836d1e4c3f53f5e4e4130df845a03aebed3d19a2338,COVERED,wiki/whale-lords.html,Whale Lord supporting chronicle covered as tradition not ledger-level real finance
W12.txt,90855,a5e54ec2a0170fe62ea8a321f29dbd89f9f23e698aa5d84edf283dd81def28bf,PENDING_EDITORIAL,wiki/croydon-tower-blocks.html;wiki/agent-sam.html;wiki/house-of-rackinsats.html,Eight-part fictional Agent SAM story needs identity boundary and its 2036 versus 2030 reset order resolved; PR1459 continuation fully reads the source and recovers household/guardian scenes; exact calendar correction remains a specific GK proposal
W13.txt,15490,d8f420bd935ac7cd51404eb846afa3d7536ab26b41a43d91b8f9f50e86e5feed,PARTIAL,wiki/the-princess.html;wiki/croydon-tower-blocks.html;wiki/agent-sam.html;wiki/house-of-rackinsats.html,Denise Tracey and House-of-Rackinsats need attributed accounts not real biographies; PR1459 continuation fully reads the source and recovers household/guardian scenes; exact calendar correction remains a specific GK proposal
W14.txt,52670,dcacde83743e17ea72af9646768fbb944f642baea3b2e17e50874c0e310d290a,COVERED,wiki/hard-fork-games.html;wiki/jodie-zoom-2000.html,Games infiltration and faction defection major beats already reconciled
W15.txt,371179,c1292efd91ba68119c6f9e8a6a8e192b7d37342f2391876d80eb678eff8112cd,CONFLICT,wiki/hodl-wars.html;wiki/queen-sarah-p-fly.html,Full serial read through Volume18 fourteen-million restart; Kael Voss Sylas Veyra Council LayerEight CrimsonProtocol and GreatBlackout remain in connected-page comparison; universal upload/reset not accepted as world history.
W16.txt,11949,cdf17b6f45e34a7dfea8b3f66f8ace469913f3e8eacb45721ecf202f4a061373,OPERATIONAL,wiki/crypto-moonboys.html,Historical wiki architecture planning not a live product guarantee
W17.txt,49792,94d3b61649415568f06b95b8e7701f8ae99caf033d1a257061080b0c2cb90d69,OPERATIONAL,wiki/crypto-moonboys.html,Older wiki gap audit superseded by October 2026 ownership and migration ledgers
W18.txt,9648,089d29e9a81bdac7f7294666a4d758c432ce8ededde1e261c99dbd1ee7dde311,COVERED,wiki/alfie-bitcoin-kid-blaze.html,Alfie fictional biography substantially published with current source distinctions
W19.txt,41743,34093e882c6e6834c923258fe611fb2665b2e28601aab174bfb7f28efaec7ad2,OPERATIONAL,wiki/crypto-moonboys.html,GK Brain and SAM memory aspirations are planning evidence not deployed features
W2.txt,25335,92fc2527427f9d7a549f5181f7d01f283cdc48244d84d286e9510d62d55800de,HISTORICAL,wiki/crypto-moonboys.html;wiki/graffiti-kings.html,Preserve contemporary movement positioning but verify claimed milestones separately
W20.txt,12147,5be5c30ecca423e084deaffb4ce72c59030f9012d450d6f1ab8035d15dbf0221,PARTIAL,wiki/sacred-chain.html,Aether ontology debated and must not imply proof of human consciousness upload
w21.txt,32510,73795855f25d9985bb7e33252aaa2aad4bbc9aa177e5b20da37932d3169dedfb,STRATEGY,wiki/crypto-moonboys.html,Preserve triple saga layers without claiming they are three unrelated businesses
w22.txt,15020,a1a78a3f3ebfebbe41c786a58d131cf5f4fd8099092bf68426b65c7a962ce4d4,COVERED,wiki/alfie-bitcoin-kid-blaze.html;wiki/first-witness-child-of-fire.html,Bonnet and Child of Fire prophecy remains interpretive not a mandated end state
w23.txt,20514,21e039eb884659195eb37b0d687d18db4f9ef9debdfa39fa824fa0914907ac4c,COVERED,wiki/triple-fork-event.html;wiki/hodl-wars.html,Signal-from-3008 saga is a historical witness to later reconstructions
w24.txt,18635,29fee688a776eb6d9a71da0c3110c7988497e2ad608174f8789a7b9fb57ef767,PARTIAL,wiki/jodie-zoom-2000.html,Source-specific artist awakening testimony worth an attributed note rather than changing settled life events
w25.txt,188060,74b365771aa1840d17b83760348037a7fc2abf423e194cf8b3f5942e4c2f8929,CONFLICT,wiki/hodl-wars.html;wiki/first-witness-concordance.html;wiki/elder-codex-7.html#serial-horizons;wiki/iris-7.html#codex-schools;wiki/aleema-child-of-the-shard.html#cosmic-gardens;wiki/dream-sovereign.html#later-sovereign-cycles,Complete original read through Part75 and repeated66-75; four owning articles expanded with full Sovereign/school/garden visions. Remaining cross-page comparison and definitive Final Fork decision pending; no global ending accepted.
w26.txt,22854,91c930a63db61879feabe93c45099a0f04911a4c07baa4588486c3f847510188,COVERED,wiki/block-topia.html,City and True Bitcoin Fork power structures present within reconciled history
w27.txt,11823,9e76d3941cebcc381c98be6a031db1b0a9a9716fba57ae7c0e75af6d45220824,PARTIAL,wiki/sacred-chain.html,Keep soul upload and physical chain explanations explicitly disputed
w28.txt,7493,830d272134dfa54af40f67dc44cef0a629e0a26538946fd0bb7fe1bbe8d20271,PARTIAL,wiki/the-chain-scribes.html;wiki/first-witness-world-chain-error.html,Flesh Fade and Zero Block account are traditions not a universal human ontology
w29.txt,6253,3534c4c562645b531ea4012c42bdfa94496e1b6f144cd4ba931cf9cdf4b9d098,COVERED,wiki/the-squeaky-pinks.html;wiki/squeaky-pinks-enforcers.html,Algorithmic sanitation and physical enforcement treated with practical limits
W3.txt,12599,31d1edd7c851b67502744e64095b254df87d7c06a12ce8a87afd99292e0bf877,STRATEGY,wiki/crypto-moonboys.html,Modern README two-path creator model supersedes one-path AI-era proposals
w30.txt,16818,4e5d164d85e2caa20f5f1b526b90c7d802bb6f4dee73ba6fffd0abea6bc3a372,COVERED,wiki/triple-fork-event.html;wiki/block-topia.html,Great Reset and global grid dated against the 2880 catastrophe
w31.txt,9139,0162c35f68f070a1500b3cd3f5306eb8909d61fc61b7e554750b6e72c33530c1,COVERED,wiki/squeaky-pinks-enforcers.html;wiki/block-topia.html,Tactical incident recast as local account not universal police statute
w32.txt,8571,269a0e9efbf97f86999413d6b0fa69c901509818afc100464f32044a5ce97ec4,PARTIAL,wiki/hodl-wars.html;wiki/first-witness-faction-commentaries.html;wiki/six-pillars.html,Six Pillars and twelve named source weapons need source-specific doctrine table not gameplay promises; Issue 1458 dedicated attributed article and focused source recovery; no full-scene coverage inferred
w33.txt,32430,43947211fb9774a57a16219cbe628741fae1b7582055353cdbf121bae036d6dc,CONFLICT,wiki/the-princess.html;wiki/first-witness-sects-schools-schisms.html;wiki/great-consensus.html,Great Consensus Divine Lineage Sync ritual and 3030 prophecy are sect assertions not the common Covenant; Issue 1458 dedicated attributed article and focused source recovery; no full-scene coverage inferred
w34.txt,6107,bc69ba6e421d8f6891ff7f1fdb55d1339a6e08eaf3573699af198a754836b029,COVERED,wiki/the-gasless-ghosts.html,Named Gasless Ghosts profile present; this does not mean every paragraph from source was imported
w35.txt,6254,7c8efadbecc9ff4df7a9c99e60d7dcb5a14835eb15e79d4edfd22c6db2195c3b,COVERED,wiki/the-og-pixel-saints.html,Named OG Pixel Saints profile present; this does not mean every paragraph from source was imported
w36.txt,6718,199bacfe6af7e5d87385c2cbd47507b36b28e3caee93471b5a2f6dfaccb42492,COVERED,wiki/the-evm-punks.html,Named EVM Punks profile present; this does not mean every paragraph from source was imported
w37.txt,6244,e19e796d30609d0003c3e889a84684e06f056454a56916b502ae96f4c2c0a46a,COVERED,wiki/the-chain-scribes.html,Named Chain Scribes profile present; this does not mean every paragraph from source was imported
w38.txt,5722,fe80c6972d5dd8624b2a963d35451417a881fca8b4b11856a1112e77d1d64c69,COVERED,wiki/the-moonlords.html,Named Moonlords profile present; this does not mean every paragraph from source was imported
w39.txt,7034,5387c54e8cd2806024ebf8379fc7c7c3648931e2cbb27010683a7aa023941150,COVERED,wiki/the-shard-mothers-of-manhattan.html,Named Shard Mothers of Manhattan / Forkborn profile present; this does not mean every paragraph from source was imported
W4.txt,60045,97750e7a63374f089bc7ad59943ac9eabbe90378d08faba976bf63cd3f8f0268,OPERATIONAL,wiki/crypto-moonboys.html,SWARMSY Street Swarm offline claims need runtime verification and must not become fictional fact
w40.txt,6334,4a2dc57f36ba94bbf57e2da57ec1f4496ed83b59de1e0446bb3ffa306e42bd97,COVERED,wiki/the-salvagers.html,Named Salvagers profile present; this does not mean every paragraph from source was imported
w41.txt,5929,9a1530ff42ee59372c0e3d2d68ba8903553df0bd5199cc9b436f79b98aad64fa,COVERED,wiki/the-information-mercenaries.html,Named Information Mercenaries profile present; this does not mean every paragraph from source was imported
w42.txt,6352,c0f74672e69b1363367f86eb65ca84af57840b33f25b065a9f61bdd441c96334,COVERED,wiki/the-finance-guild.html,Named Finance Guild profile present; this does not mean every paragraph from source was imported
w43.txt,3629,ba0b96add840366b64e39631f3f8e861a2026e7d2e1e16d00fa48614c5f174df,COVERED,wiki/the-code-alchemists.html,Named Code Alchemists profile present; this does not mean every paragraph from source was imported
w44.txt,6010,2da1bd98e13d5592e96f045071924d7930b786d854bdb6519ff0e120fa90e72a,COVERED,wiki/the-crypto-stoned-boys.html,Named Crypto Stoned Boys profile present; this does not mean every paragraph from source was imported
w45.txt,6549,c4784832f6610991df74f7cb85adcffc7b7c96a62345ad66da957a81cc2a1fda,COVERED,wiki/the-tuskon-ogs.html,Named Tuskon OGs profile present; this does not mean every paragraph from source was imported
w46.txt,6908,74fb4bca119bc7241594db59f0829c04f51756320a7864d5e985a678d1262877,COVERED,wiki/the-aztec-raiders.html,Named Aztec Raiders profile present; this does not mean every paragraph from source was imported
w47.txt,5936,cfefc3950437eebb80b889efe754d3963fe97d941d48ec803a2f61e916bcab01,COVERED,wiki/the-rugpull-miners.html,Named Rugpull Miners profile present; this does not mean every paragraph from source was imported
w48.txt,6280,0b141ce2e445f7c91b3d7d5a2024a6f21a3ab893727a90ae239c1d8c577258f1,COVERED,wiki/the-blockchain-furies.html,Named Blockchain Furies profile present; this does not mean every paragraph from source was imported
w49.txt,9525,3b645d0c384ee38032422c1ac021ec1cf7a6002588eb7982bed158d85bdb60de,COVERED,wiki/the-blockstars.html,Named Blockstars profile present; this does not mean every paragraph from source was imported
W5.txt,221593,e54f1518083323a872827ffc4e636832c821e48e64200e2adbd42012038d6292,CONFLICT,wiki/agent-sam.html;wiki/house-of-rackinsats.html;wiki/graffpunks.html;wiki/gkniftyheads.html;wiki/hodl-warriors.html;wiki/whale-lords.html;wiki/first-witness-forty-paths.html;wiki/first-witness-faction-commentaries.html,"All1335paragraphs/20tomes read; owning SAM/House/GraffPUNKS/GKniftyHEADS/HODL/Whale and Forty/commentary recovery implemented.2036/2880 origin, PaintWar dates, Sarah/Jodie identities and terminal unity conflict; remaining character/faction comparison and GK decisions pending. Original adult scenes preserved."
w50.txt,5666,8eeec73013092866fd695f8d186e4c8b143c7bedd0a205ec2a518cff8a7685d9,COVERED,wiki/the-hard-fork-rockers.html,Named Hard Fork Rockers profile present; this does not mean every paragraph from source was imported
w51.txt,6814,bda710f3eb9f6fd779dd9a388465ad82f3e339568c23bfb0a8a3ed8b9133a478,COVERED,wiki/the-high-hats.html,Named High Hats profile present; this does not mean every paragraph from source was imported
w52.txt,6814,bda710f3eb9f6fd779dd9a388465ad82f3e339568c23bfb0a8a3ed8b9133a478,DUPLICATE,wiki/the-high-hats.html,Exact byte-duplicate of w51; treat as one independent source
w53.txt,8578,77dbc4368530a0329abc5fcf4f2de1f10a612e8f6bc0da76e669919e54dcff03,COVERED,wiki/the-squeaky-pinks.html,Named Squeaky Pinks profile present; this does not mean every paragraph from source was imported
w54.txt,6192,99feb27962378932bba803e93a00ab9c34cb73c44a7f65cb2dd5b5655c76706b,COVERED,wiki/the-nice-easy-bois.html,Named Nice & Easy Bois profile present; this does not mean every paragraph from source was imported
w55.txt,6631,42c8200a24a66e9d3c5786778d9e6ec37f8ad7545cce9c3bf86904599f2ef3e4,COVERED,wiki/the-ducky-boys.html,Named Ducky Boys profile present; this does not mean every paragraph from source was imported
w56.txt,5278,0391b5cd2105e2d61a7509aa0eaff4e34deb06857618d64133a64441896dbf27,PARTIAL,battle-chamber/factions/crypto-moongirls.html;wiki/queen-sarah-p-fly.html;wiki/the-crypto-moongirls.html,Existing Crypto Moongirls Battle Chamber faction page and live selector are present; reconcile w56 against these and the First Witness 34/6 register before considering a separate encyclopedia article; Issue 1458 dedicated attributed article and focused source recovery; no full-scene coverage inferred
w57.txt,6364,05ad085604d17c41709bcde652bd7ed8c19c74b0613095378abb866072b4d51c,COVERED,wiki/the-bally-boys.html,Named Bally Boys profile present; this does not mean every paragraph from source was imported
w58.txt,11312,4a8b2c51e63da03717b177dd7a4ea0c377ba7383c31972afde8c06b65629cce2,COVERED,wiki/graffpunks.html,Named GraffPUNKS profile present; this does not mean every paragraph from source was imported
w59.txt,5814,0ddb56789f53cfc46cd932458766c2c88a7e3b2772252fc8593b17951cfc70d7,COVERED,wiki/the-allcity-bulls.html,Named AllCity Bulls profile present; this does not mean every paragraph from source was imported
W6.txt,13963,e5f11c57852a28f5d46a721ce5cc892def40d0be324ca2641d7ac054f7e02428,HISTORICAL,wiki/graffiti-kings.html,Preserve street origin as public-claim evidence subject to source verification
w60.txt,5678,f28d688c472b43a9d10fc373e6a7d09b9784bdcbd8d8fd0c9c4b66c8b7f9eecb,COVERED,wiki/the-nomad-bears.html,Named Nomad Bears profile present; this does not mean every paragraph from source was imported
w61.txt,6860,b13b26abec65202ca47c47dabaa58974aa0e0c48ae519710cacecf8fa1f011cc,COVERED,wiki/gkniftyheads.html,Named GKniftyHEADS profile present; this does not mean every paragraph from source was imported
w62.txt,12748,6899cb18d3824c4f199a2e5eedbc9b19d16a9dab136eb56d1a803ac2858ae57d,COVERED,wiki/the-bitcoin-kid-army.html,Named Bitcoin KiD Army profile present; this does not mean every paragraph from source was imported
w63.txt,6072,185d05f34cacb92abe64095680902621b72c83befb8aacc01ca80201ebbb8050,COVERED,wiki/hodl-warriors.html,Emergency Year 3008 defence differs from HODL X and today's creator-holder role
w64.txt,3808,39d8e53665044ae04fb688a6f77a082cf6b82ca75f8ed8bc4c4098e0ed170d34,COVERED,wiki/the-high-hats.html;wiki/the-finance-guild.html,Ascension ideology should remain an in-world political position
w65.txt,16940,6898376b373f9a6f8fc318fe4c167a43afbef4678da1e495e2eba4ac9fe22e7b,COVERED,wiki/null-the-prophet.html,NULL Protocol and local consequences substantially published
w66.txt,20513,fb08b6a8a63cc8be88b7ef9854639f112a6768b05330451e441497f4aaed1891,HISTORICAL,wiki/crypto-moonboys.html,Three-phase promotion includes planned claims and must not be passed off as live
w67.txt,57190,10b472a5af923cdb826e1b9936edef146f5cac617e329d9f41305b9924ea4050,PROPOSAL,wiki/forklord-you.html;wiki/loopfiend.html,BLOCKFRONT DREAMWARS FORKLORDS pitch does not imply a playable trilogy
w68.txt,14492,d64580312718324c787dbb71a127a122c0bee8e5b01da9edeed6abaa859775c9,CONFLICT,wiki/first-witness-forty-paths.html,Legacy twenty-eight active structure is evidence not a numbered replacement of the present thirty-four readings
w69.txt,66793,191d36153a178c720dbd01bd5c076cae99538c388b1b3a4306019a35f85bb5b3,HISTORICAL,wiki/graffpunks.html;wiki/gkniftyheads.html;wiki/hodl-warriors.html;wiki/first-witness-forty-paths.html;wiki/first-witness-faction-commentaries.html;wiki/xrp-kids.html,All373paragraphs/sevenparts read; female-crew/XRP names and HODL mobilisation compared to current owning articles. Does not deliver full40roll; character origins and historical product/IP/reward promises still require full comparison. No current guarantee copied.
W7.txt,10415,eec291c0cbb6dfd4df8e5e990e727b5d961105d85f9bb728a480bc1fbead51e3,OPERATIONAL,wiki/crypto-moonboys.html,Old SAM architecture notes not implemented feature proof; fully read and compared to current product and ownership rules; separate deployed wiki SAM from fictional Samuel Blake
w70.txt,28108,783217e96e078a911ea97a27d2e1cab7df2130b95464c5e7cdf7fee9cd3e5998,COVERED,wiki/hard-fork-games.html;wiki/jodie-zoom-2000.html,Hard Fork rise and contested Games accounts appear in current articles
w71.txt,7367,69694529851663dfe3554908f086221afc227caf59cb9fd4c635e6d3a3b8ebc4,HISTORICAL,wiki/burn-to-earn.html,Old NFT blend promise requires present contract and availability verification
w72.txt,80405,a81d828c407e73058b3716cfa38ad6388fbf20a448f0b03b236d2eadbee4ab85,PROPOSAL,wiki/hodl-warriors.html;wiki/hodl-wars.html,Five named mission stages and Echo Wars tournament are archive proposals
w73.txt,65807,839db5cde16d3b352efe54c23a25a9209e7c102545b84594a363cb36d8e82de3,PROPOSAL,wiki/alfie-bitcoin-kid-blaze.html;wiki/bitcoin-kids.html,Ten-volume hundred-scroll codex roadmap is not a current NFT release
w74.txt,2976,097df650a43459e4f40448f4476b768b535df60fbc845e2b6b305322128de7c3,HISTORICAL,wiki/gkniftyheads.html;wiki/graffiti-kings.html,Old business overview claims require verified public proof
w75.txt,5171,253a54688f6ed5d57f6aa4f03b71ba6e44d5b66fc623027d6d4502501aeddd43,HISTORICAL,wiki/punk-token.html;wiki/graffpunks-24-7-radio.html,Radio and token utility statements require live status checks
w76.txt,4679,8f08fbe70de8f854b7b30f7171ee1063a2f8eba1423de49edec67f6b63a01fcd,HISTORICAL,wiki/staking.html,STAKE promotional mechanics are unverified and should not be promoted to live
w77.txt,6323,b004f8925bfb5781a6b5af4388cf22fc9f3c3183a0f06226462a8e7a273077f0,HISTORICAL,wiki/lfgk.html,LFGK token marketing must be checked against present published mechanics
w78.txt,17239,ecbfcd52a62bcd3badd8dfd14c0bb54b02a3acd395e715a2c3a744b452a98215,HISTORICAL,wiki/1m-free-nfts-program.html,Eligibility rewards and phygital promotional claims may be expired
w79.txt,2331,22d1f93ba3e7c373520391ab6fedaab78ceddfb1c0752893278a76143b3adf86,HISTORICAL,wiki/crypto-moonboys.html,Official links inventory dated and must be verified individually
W8.txt,41372,8fa75bd1bee126073ce0cc74129e57de2d0064f59b426b00fd300b1e6df205d6,STRATEGY,wiki/crypto-moonboys.html,Preserve the 1.0 real world 2.0 Block Topia and 3.0 saga distinctions
w80.txt,21064,c5948c00b5750ff95d7fa165fdeb1f584c26fb5969439da6494448b3b6dfab0c,NEAR_DUPLICATE,wiki/crypto-moonboys.html,Strong promotional overlap with w66 is not independent corroboration
w81.txt,8071,269e64a5a7fabe28725d44101f8af523ebe2968760a7c651abac1a78432c70f4,HISTORICAL,wiki/graffiti-kings.html,Graffiti history and cultural ethos preserve with verifiable real-person scope
w82.txt,47392,0b47e37c8b73085fb6123a7091effb611fcfe24dd5b10c9a1644fead3768e255,COVERED,wiki/jodie-zoom-2000.html,Frequency of the Fallen source voice substantially represented
w83.txt,6969,24a07d351756a5dd50714d9f74a90c3e7368510549671aa6745c11c478f5f118,CONFLICT,wiki/maidstone-base.html,Eastern hemisphere spiritual claims and geographic origins not verified physical facts
w84.txt,4363,a00b76bd2bf760b2be6e660dfacb3b3b555446f8bdc9edc0cde93493d3066704,HISTORICAL,wiki/crypto-moonboys.html,Political and digital-ID opinion is not project policy or settled scripture
w85.txt,6134,8e51a29074a86a1363aaffe15ea9c7f3857deb2b34358a46b75c00a036a9d743,PARTIAL,wiki/gkniftyheads.html;wiki/hodl-wars.html,Protocol chronicle is an attributed archive perspective
w86.txt,42310,834d5d25d686f8f98e751a2b7390483e50323e0be01c2407ec9e111bcc4dc7f3,COVERED,wiki/dragan-volkov.html;wiki/ava-chen.html,Cipher Lord claims to Satoshi Tesla and immortality are explicitly fictional
w87.txt,19480,0a2ecd5a0c1a843126c0fd4b662326268604208aedb54074813951c543950c27,HISTORICAL,wiki/gkniftyheads.html,Retain old positioning as a time-stamped statement
w88.txt,3069,0500ce0ee44499525d0ad6e0f23d61283d670924d0e122860b7cc0e84cc50341,HISTORICAL,wiki/charlie-buster.html,Real-world biography should not be enlarged without independent support
w89.txt,4429,cd5fc596a6dc3e6a257a6c92ecf63710c356428adffdbebc3e9270e70f2dcb46,HISTORICAL,wiki/graffpunks.html,Manifesto culture and politics are opinion and legacy positioning
W9.txt,7413,06dd75168ef76526ac21b2e001634023a89e04d9b33cf3c621a34e8d1ac9b46e,PROPOSAL,wiki/hodl-wars.html,LOREWARS and BLAZE plans are pitches not live gameplay
w90.txt,7434,88bb1498f394e1b0bd7c2cc5e885563f9df5e3d0b730173207645b02fc37cbf1,HISTORICAL,wiki/graffiti-kings.html,Legacy over hype ethos not proof of product promises
w91.txt,8456,e94ec73b8f0cbd22ed47f0d94bc0ac4ee7481b2d124a1f0ac8a8b6f739a8677f,CONFLICT,wiki/hodl-wars.html,World War 3 scenario is dystopian lore not real current geopolitics
w92.txt,8107,7ec5c1322accab707b8035d7470310e37c521f89b510ccb63a19508472e3917b,HISTORICAL,wiki/graffpunks.html,Campaign chronicle is old artist narrative not a new live phase
w93.txt,11393,fbcc1fe0d13e8e2f7e44db3183366209a9ca531d731c352a4081dbcdc9c09e5d,COVERED,wiki/jodie-zoom-2000.html;wiki/hard-fork-games.html,Jodie Games journal already informs the revised character chronology
