rank,template_id,title,rarity_band,issued_supply,live_supply,max_supply,final_score
1,118124,THΞ ℃R̸ŸⓟT✪ MØØИ₿✿Ÿ$,Legendary,1,1,1,94.9898
2,154818,MAX SUPPLY,Legendary,1,1,1,94.9898
3,147313,₿iT℃✪iИ P£P£,Legendary,1,1,1,93.0117
4,147317,₿iT℃✪iИ P£P£,Legendary,1,1,1,93.0117
5,147318,₿iT℃✪iИ P£P£,Legendary,1,1,1,93.0117
6,171724,₿iT℃✪iИ P£P£,Legendary,1,1,1,93.0117
7,210764,₿iT℃✪iИ P£P£,Legendary,1,1,1,93.0117
8,154807,THΞ ℃R̸ŸⓟT✪ MØØИ₿✿Ÿ$,Legendary,1,1,1,75
9,154811,THΞ ℃R̸ŸⓟT✪ ₿✿NE$,Legendary,1,1,1,75
10,154814,₿✿N£$,Legendary,1,1,1,75
11,154790,THΞ ℃R̸ŸⓟT✪ MØØИ₿✿Ÿ$,Legendary,1,1,1,74.7182
12,179866,THΞ HØÐL WΔRRIØR̸$ CLUB,Legendary,1,1,1,74.4984
13,179869,THΞ HØÐL WΔRRIØR̸$ CLUB,Legendary,1,1,1,74.4984
14,179871,THΞ HØÐL WΔRRIØR̸$ CLUB,Legendary,1,1,1,74.4984
15,179916,THΞ HØÐL WΔRRIØR̸$ CLUB,Legendary,1,1,1,74.4984
16,179917,THΞ HØÐL WΔRRIØR̸$ CLUB,Legendary,1,1,1,74.4984
17,179918,THΞ HØÐL WΔRRIØR̸$ CLUB,Legendary,1,1,1,74.4984
18,182032,	THΞ HØÐL WΔRRIØR̸$ CLUB,Legendary,1,1,1,74.4984
19,197551,THΞ HØÐL WΔRRIØR̸$ CLUB,Legendary,1,1,1,74.4984
20,197605,THΞ HØÐL WΔRRIØR̸$ CLUB,Legendary,1,1,1,74.4984
21,200310,THΞ HØÐL WΔRRIØR̸$ CLUB,Legendary,1,1,1,74.4984
22,208202,THΞ ℃R̸ŸⓟT✪ BULL,Legendary,1,1,1,74.4984
23,241723,THΞ HØÐL WΔRRIØR̸$ CLUB,Legendary,1,1,1,74.4984
24,243486,THΞ HØÐL WΔRRIØR̸$ CLUB,Legendary,1,1,1,74.4984
25,246329,THΞ HØÐL WΔRRIØR̸$ CLUB,Legendary,1,1,1,74.4984
26,247215,THΞ HØÐL WΔRRIØR̸$ CLUB,Legendary,1,1,1,74.4984
27,248023,	THΞ HØÐL WΔRRIØR̸$ CLUB,Legendary,1,1,1,74.4984
28,248955,THΞ HØÐL WΔRRIØR̸$ CLUB,Legendary,1,1,1,74.4984
29,249887,THΞ HØÐL WΔRRIØR̸$ CLUB,Legendary,1,1,1,74.4984
30,255182,THΞ HØÐL WΔRRIØR̸$ CLUB,Legendary,1,1,1,74.4984
31,259746,	THΞ HØÐL WΔRRIØR̸$ CLUB,Legendary,1,1,1,74.4984
32,285941,THΞ HØÐL WΔRRIØR̸$ CLUB,Legendary,1,1,1,74.4984
33,286001,	THΞ HØÐL WΔRRIØR̸$ CLUB,Legendary,1,1,1,74.4984
34,286004,	THΞ HØÐL WΔRRIØR̸$ CLUB,Legendary,1,1,1,74.4984
35,286347,THΞ HØÐL WΔRRIØR̸$ CLUB,Legendary,1,1,1,74.4984
36,287268,THΞ HØÐL WΔRRIØR̸$ CLUB,Legendary,1,1,1,74.4984
37,288955,THΞ HØÐL WΔRRIØR̸$ CLUB,Legendary,1,1,1,74.4984
38,289614,THΞ HØÐL WΔRRIØR̸$ CLUB,Legendary,1,1,1,74.4984
39,289977,THΞ HØÐL WΔRRIØR̸$ CLUB,Legendary,1,1,1,74.4984
40,290112,THΞ HØÐL WΔRRIØR̸$ CLUB,Legendary,1,1,1,74.4984
41,290118,THΞ HØÐL WΔRRIØR̸$ CLUB,Legendary,1,1,1,74.4984
42,290120,THΞ HØÐL WΔRRIØR̸$ CLUB,Legendary,1,1,1,74.4984
43,290123,THΞ HØÐL WΔRRIØR̸$ CLUB,Legendary,1,1,1,74.4984
44,290126,THΞ HØÐL WΔRRIØR̸$ CLUB,Legendary,1,1,1,74.4984
45,290128,THΞ HØÐL WΔRRIØR̸$ CLUB,Legendary,1,1,1,74.4984
46,290130,THΞ HØÐL WΔRRIØR̸$ CLUB,Legendary,1,1,1,74.4984
47,290131,THΞ HØÐL WΔRRIØR̸$ CLUB,Legendary,1,1,1,74.4984
48,290132,THΞ HØÐL WΔRRIØR̸$ CLUB,Legendary,1,1,1,74.4984
49,290134,THΞ HØÐL WΔRRIØR̸$ CLUB,Legendary,1,1,1,74.4984
50,290135,THΞ HØÐL WΔRRIØR̸$ CLUB,Legendary,1,1,1,74.4984
51,290145,THΞ HØÐL WΔRRIØR̸$ CLUB,Legendary,1,1,1,74.4984
52,290148,THΞ HØÐL WΔRRIØR̸$ CLUB,Legendary,1,1,1,74.4984
53,290150,THΞ HØÐL WΔRRIØR̸$ CLUB,Legendary,1,1,1,74.4984
54,290151,THΞ HØÐL WΔRRIØR̸$ CLUB,Legendary,1,1,1,74.4984
55,290153,THΞ HØÐL WΔRRIØR̸$ CLUB,Legendary,1,1,1,74.4984
56,290154,THΞ HØÐL WΔRRIØR̸$ CLUB,Legendary,1,1,1,74.4984
57,290156,THΞ HØÐL WΔRRIØR̸$ CLUB,Legendary,1,1,1,74.4984
58,290159,THΞ HØÐL WΔRRIØR̸$ CLUB,Legendary,1,1,1,74.4984
59,290160,THΞ HØÐL WΔRRIØR̸$ CLUB,Legendary,1,1,1,74.4984
60,290162,THΞ HØÐL WΔRRIØR̸$ CLUB,Legendary,1,1,1,74.4984
61,290164,THΞ HØÐL WΔRRIØR̸$ CLUB,Legendary,1,1,1,74.4984
62,290165,THΞ HØÐL WΔRRIØR̸$ CLUB,Legendary,1,1,1,74.4984
63,290166,THΞ HØÐL WΔRRIØR̸$ CLUB,Legendary,1,1,1,74.4984
64,290167,THΞ HØÐL WΔRRIØR̸$ CLUB,Legendary,1,1,1,74.4984
65,290168,THΞ HØÐL WΔRRIØR̸$ CLUB,Legendary,1,1,1,74.4984
66,290169,THΞ HØÐL WΔRRIØR̸$ CLUB,Legendary,1,1,1,74.4984
67,290170,THΞ HØÐL WΔRRIØR̸$ CLUB,Legendary,1,1,1,74.4984
68,290172,THΞ HØÐL WΔRRIØR̸$ CLUB,Legendary,1,1,1,74.4984
69,290173,THΞ HØÐL WΔRRIØR̸$ CLUB,Legendary,1,1,1,74.4984
70,290174,THΞ HØÐL WΔRRIØR̸$ CLUB,Legendary,1,1,1,74.4984
71,290175,THΞ HØÐL WΔRRIØR̸$ CLUB,Legendary,1,1,1,74.4984
72,339801,THΞ HØÐL WΔRRIØR̸$ CLUB,Legendary,1,1,1,74.4984
73,361809,THΞ HØÐL WΔRRIØR̸$ CLUB,Legendary,1,1,1,74.4984
74,456618,THΞ HØÐL WΔRRIØR̸$ CLUB,Legendary,1,1,1,74.4984
75,111413,THΞ ℃R̸ŸⓟT✪ MØØИ₿✿Ÿ$,Legendary,1,1,1,73.0219
76,111417,THΞ ℃R̸ŸⓟT✪ MØØИ₿✿Ÿ$,Legendary,1,1,1,73.0219
77,111429,THΞ ℃R̸ŸⓟT✪ MØØИ₿✿Ÿ$,Legendary,1,1,1,73.0219
78,111433,THΞ ℃R̸ŸⓟT✪ MØØИ₿✿Ÿ$,Legendary,1,1,1,73.0219
79,111434,THΞ ℃R̸ŸⓟT✪ MØØИ₿✿Ÿ$,Legendary,1,1,1,73.0219
80,111435,THΞ ℃R̸ŸⓟT✪ MØØИ₿✿Ÿ$,Legendary,1,1,1,73.0219
81,111436,THΞ ℃R̸ŸⓟT✪ MØØИ₿✿Ÿ$,Legendary,1,1,1,73.0219
82,111437,THΞ ℃R̸ŸⓟT✪ MØØИ₿✿Ÿ$,Legendary,1,1,1,73.0219
83,111438,THΞ ℃R̸ŸⓟT✪ MØØИ₿✿Ÿ$,Legendary,1,1,1,73.0219
84,111440,THΞ ℃R̸ŸⓟT✪ MØØИ₿✿Ÿ$,Legendary,1,1,1,73.0219
85,111447,THΞ ℃R̸ŸⓟT✪ MØØИ₿✿Ÿ$,Legendary,1,1,1,73.0219
86,111448,THΞ ℃R̸ŸⓟT✪ MØØИ₿✿Ÿ$,Legendary,1,1,1,73.0219
87,111449,THΞ ℃R̸ŸⓟT✪ MØØИ₿✿Ÿ$,Legendary,1,1,1,73.0219
88,111450,THΞ ℃R̸ŸⓟT✪ MØØИ₿✿Ÿ$,Legendary,1,1,1,73.0219
89,111451,THΞ ℃R̸ŸⓟT✪ MØØИ₿✿Ÿ$,Legendary,1,1,1,73.0219
90,111452,THΞ ℃R̸ŸⓟT✪ MØØИ₿✿Ÿ$,Legendary,1,1,1,73.0219
91,111454,THΞ ℃R̸ŸⓟT✪ MØØИ₿✿Ÿ$,Legendary,1,1,1,73.0219
92,111455,THΞ ℃R̸ŸⓟT✪ MØØИ₿✿Ÿ$,Legendary,1,1,1,73.0219
93,111456,THΞ ℃R̸ŸⓟT✪ MØØИ₿✿Ÿ$,Legendary,1,1,1,73.0219
94,111457,THΞ ℃R̸ŸⓟT✪ MØØИ₿✿Ÿ$,Legendary,1,1,1,73.0219
95,111458,THΞ ℃R̸ŸⓟT✪ MØØИ₿✿Ÿ$,Legendary,1,1,1,73.0219
96,111460,THΞ ℃R̸ŸⓟT✪ MØØИ₿✿Ÿ$,Legendary,1,1,1,73.0219
97,111461,THΞ ℃R̸ŸⓟT✪ MØØИ₿✿Ÿ$,Legendary,1,1,1,73.0219
98,111923,THΞ ℃R̸ŸⓟT✪ MØØИ₿✿Ÿ$,Legendary,1,1,1,73.0219
99,111924,THΞ ℃R̸ŸⓟT✪ MØØИ₿✿Ÿ$,Legendary,1,1,1,73.0219
100,111925,THΞ ℃R̸ŸⓟT✪ MØØИ₿✿Ÿ$,Legendary,1,1,1,73.0219
101,111926,THΞ ℃R̸ŸⓟT✪ MØØИ₿✿Ÿ$,Legendary,1,1,1,73.0219
102,111929,THΞ ℃R̸ŸⓟT✪ MØØИ₿✿Ÿ$,Legendary,1,1,1,73.0219
103,114171,R̸UИ ₿TC̸ 0.1,Legendary,1,1,1,73.0219
104,114177,R̸UИ ₿TC̸ 0.2,Legendary,1,1,1,73.0219
105,114179,R̸UИ ₿TC̸ 0.3,Legendary,1,1,1,73.0219
106,114181,R̸UИ ₿TC̸ 0.4,Legendary,1,1,1,73.0219
107,114184,R̸UИ ₿TC̸ 0.5,Legendary,1,1,1,73.0219
108,114191,R̸UИ ₿TC̸ 0.6,Legendary,1,1,1,73.0219
109,114193,R̸UИ ₿TC̸ 0.7,Legendary,1,1,1,73.0219
110,114194,R̸UИ ₿TC̸ 0.8,Legendary,1,1,1,73.0219
111,114197,R̸UИ ₿TC̸ 0.9,Legendary,1,1,1,73.0219
112,114198,R̸UИ ₿TC̸ TOP,Legendary,1,1,1,73.0219
113,125191,Pheonix Moonboy,Legendary,1,1,1,73.0219
114,125222,Phoenix Moonboy,Legendary,1,1,1,73.0219
115,149351,CRYPTO MOONGIRLS @SARAHPU51FLY,Legendary,1,1,1,73.0219
116,150561,₿iT℃✪iИ P£P£,Legendary,1,1,1,73.0219
117,150562,₿iT℃✪iИ P£P£,Legendary,1,1,1,73.0219
118,150563,₿iT℃✪iИ P£P£,Legendary,1,1,1,73.0219
119,150565,₿iT℃✪iИ P£P£,Legendary,1,1,1,73.0219
120,150566,₿iT℃✪iИ P£P£,Legendary,1,1,1,73.0219
121,150568,₿iT℃✪iИ P£P£,Legendary,1,1,1,73.0219
122,150569,₿iT℃✪iИ P£P£,Legendary,1,1,1,73.0219
123,150570,₿iT℃✪iИ P£P£,Legendary,1,1,1,73.0219
124,150572,₿iT℃✪iИ P£P£,Legendary,1,1,1,73.0219
125,150574,₿iT℃✪iИ P£P£,Legendary,1,1,1,73.0219
126,150575,₿iT℃✪iИ P£P£,Legendary,1,1,1,73.0219
127,150576,₿iT℃✪iИ P£P£,Legendary,1,1,1,73.0219
128,150579,₿iT℃✪iИ P£P£,Legendary,1,1,1,73.0219
129,150971,THΞ PARIS TAKEDOWN OG,Legendary,1,1,1,73.0219
130,206716,GRAFFITI KINGS STREET GEMS #1,Legendary,1,1,1,73.0219
131,218581,₿iT℃✪iИ P£P£,Legendary,1,1,1,73.0219
132,153686,THΞ ₿iT℃✪iИ KiD̸ ,Legendary,1,1,1,70.4182
133,153688,THΞ ₿iT℃✪iИ KiD̸ ,Legendary,1,1,1,70.4182
134,153689,THΞ ₿iT℃✪iИ KiD̸ ,Legendary,1,1,1,70.4182
135,153692,THΞ ₿iT℃✪iИ KiD̸ ,Legendary,1,1,1,70.4182
136,153694,THΞ ₿iT℃✪iИ KiD̸ ,Legendary,1,1,1,70.4182
137,153696,THΞ ₿iT℃✪iИ KiD̸ ,Legendary,1,1,1,70.4182
138,153697,THΞ ₿iT℃✪iИ KiD̸ ,Legendary,1,1,1,70.4182
139,153699,THΞ ₿iT℃✪iИ KiD̸ ,Legendary,1,1,1,70.4182
140,153701,THΞ ₿iT℃✪iИ KiD̸ ,Legendary,1,1,1,70.4182
141,153703,THΞ ₿iT℃✪iИ KiD̸ ,Legendary,1,1,1,70.4182
142,155644,THΞ ₿iT℃✪iИ KiD̸ GOLD,Legendary,1,1,1,70.4182
143,155645,THΞ ₿iT℃✪iИ KiD̸ GOLD,Legendary,1,1,1,70.4182
144,155753,THΞ ₿iT℃✪iИ KiD̸ GREY SLATE War bonnet,Legendary,1,1,1,70.4182
145,156755,THΞ ₿iT℃✪iИ KiD̸,Legendary,1,1,1,70.4182
146,161131,THΞ ₿iT℃✪iИ KiD̸ BRONZE SLATE War bonnet,Legendary,1,1,1,70.4182
147,161883,GRAFFITI KINGS x CRYPTO MOONGIRLS,Legendary,1,1,1,70.4182
148,195807,THΞ ₿iT℃✪iИ KiD̸ x Alien Worlds,Legendary,1,1,1,70.4182
149,195852,THΞ ℃R̸ŸⓟT✪ MØØИ₿✿Ÿ$ x Alien Worlds,Legendary,1,1,1,70.4182
150,195884,THΞ $TØR̸M GiΔИT MØØИ₿✿Ÿ x Alien Worlds,Legendary,1,1,1,70.4182
151,231657,THΞ ℃R̸ŸⓟT✪ MØØИ₿✿Ÿ$,Legendary,1,1,1,70.4182
152,196207,THΞ ₿iT℃✪iИ KiD̸ x Alien Worlds,Legendary,1,1,1,50
153,196222,THΞ ℃R̸ŸⓟT✪ MØØИ₿✿Ÿ$ x Alien Worlds,Legendary,1,1,1,50
154,594904,Bitcoin KiD MA$H UP,Ultra Rare,10,10,10,94.0322
155,152791,GK PAULIE HEAD,Ultra Rare,50,50,50,89.7308
156,158347,THΞ ₿iT℃✪iИ KiD̸,Ultra Rare,9,9,50,74.035
157,174506,RUN BTC,Ultra Rare,7,7,10,73.8972
158,112316,THΞ ℃R̸ŸⓟT✪ MØØИ₿✿Ÿ$,Ultra Rare,10,10,10,73.5966
159,173456,OLD SKOOL ℃R̸ŸⓟT✪ MØØИ₿✿Ÿ$,Ultra Rare,10,10,10,73.5966
160,158351,THΞ ₿iT℃✪iИ KiD̸,Ultra Rare,21,21,50,72.8326
161,149352,CRYPTO MOONGIRLS @SARAHPU51FLY e10,Ultra Rare,10,10,10,72.1201
162,150136,CHARLIE MOON v2,Ultra Rare,10,10,10,72.1201
163,150141,CHARLIE MOONING,Ultra Rare,10,10,10,72.1201
164,150960,THΞ PARIS TAKEDOWN 1,Ultra Rare,10,10,10,72.1201
165,150961,THΞ PARIS TAKEDOWN 2,Rare,10,10,10,72.1201
166,150964,THΞ PARIS TAKEDOWN 3,Rare,10,10,10,72.1201
167,150965,THΞ PARIS TAKEDOWN 4,Rare,10,10,10,72.1201
168,150966,THΞ PARIS TAKEDOWN 5,Rare,10,10,10,72.1201
169,175173,THΞ HUИTΞD MØØИ₿✿Ÿ$,Rare,10,10,10,72.1201
170,173457,OLD SKOOL ℃R̸ŸⓟT✪ MØØИ₿✿Ÿ$,Rare,30,30,30,71.9308
171,115954,THΞ ₿iT℃✪iИ WARRIOR,Rare,3,3,3,71.0744
172,117164,THΞ ₿iT℃✪iИ KiD̸,Rare,3,3,3,71.0744
173,173430,THΞ ℃R̸ŸⓟT✪ MØØИ₿✿Ÿ$ RUN BTC,Rare,6,6,10,70.7738
174,158342,THΞ ₿iT℃✪iИ KiD̸,Rare,6,6,50,69.9172
175,158345,THΞ ₿iT℃✪iИ KiD̸,Rare,6,6,50,69.9172
176,153749,BITCOIN KID NOT RAMPING,Rare,50,50,50,69.8084
177,146181,CHARLIE MOON,Rare,10,10,10,69.5389
178,173426,THΞ ₿iT℃✪iИ KiD̸,Rare,10,10,10,69.5164
179,173531,OLD SKOOL ℃R̸ŸⓟT✪ MØØИ₿✿Ÿ$,Rare,10,10,10,69.5164
180,149359,CRYPTO MOONGIRLS @SARAHPU51FLY e50,Rare,50,50,50,68.1121
181,150126,℃R̸ŸⓟT✪ MØØИ₿✿Ÿ,Rare,50,50,50,68.1121
182,150133,MOONBOY & BONES v2,Rare,50,50,50,68.1121
183,206714,GRAFFITI KINGS STREET GEMS,Rare,50,50,50,68.1121
184,165268,GK PAULIE BOT,Rare,30,30,30,67.5124
185,172112,RACCON BAGS,Rare,30,30,30,67.5124
186,153292,GK PAULIE HEAD,Rare,50,50,50,66.365
187,153785,THΞ ℃R̸ŸⓟT✪ DEL₿✿Ÿ,Uncommon,50,50,50,66.365
188,155408,THΞ ℃R̸ŸⓟT✪ MØØИGiRL$ BURN,Uncommon,50,50,50,66.365
189,206720,GRAFFITI KINGS STREET GEMS #3,Uncommon,50,50,50,65.5309
190,160982,Miss Paulie x Crypto Moongirls,Uncommon,50,50,50,65.5084
191,161806,PAULIE X GRAFFITI KINGS,Uncommon,50,50,50,65.5084
192,173486,OLD SKOOL ℃R̸ŸⓟT✪ MØØИ₿✿Ÿ$,Uncommon,50,50,50,65.5084
193,154974,GRAFFITI KINGS x CRYPTO MOONGIRLS,Uncommon,52,52,200,65.308
194,111124,HODL HOPE THΞ ₿iT℃✪iИ KiD̸ ,Uncommon,50,50,50,64.7419
195,111474,THΞ ℃R̸ŸⓟT✪ MØØИ₿✿Ÿ$,Uncommon,50,50,50,64.7419
196,116041,THΞ HØÐL WΔRRIØR̸,Uncommon,50,50,50,64.7419
197,116042,THΞ HØÐL WΔRRIØR̸,Uncommon,50,50,50,64.7419
198,116043,THΞ HØÐL WΔRRIØR̸,Uncommon,50,50,50,64.7419
199,116045,THΞ HØÐL WΔRRIØR̸,Uncommon,50,50,50,64.7419
200,116046,THΞ HØÐL WΔRRIØR̸,Uncommon,50,50,50,64.7419
201,116047,THΞ HØÐL WΔRRIØR̸,Uncommon,50,50,50,64.7419
202,116049,THΞ HØÐL WΔRRIØR̸,Uncommon,50,50,50,64.7419
203,116050,THΞ HØÐL WΔRRIØR̸,Uncommon,50,50,50,64.7419
204,116052,THΞ HØÐL WΔRRIØR̸,Uncommon,50,50,50,64.7419
205,116053,THΞ HØÐL WΔRRIØR̸,Uncommon,50,50,50,64.7419
206,116055,JU$T HØÐL,Uncommon,50,50,50,64.7419
207,116057,JU$T HØÐL,Uncommon,50,50,50,64.7419
208,116058,JU$T HØÐL,Uncommon,50,50,50,64.7419
209,116059,JU$T HØÐL,Uncommon,50,50,50,64.7419
210,116060,JU$T HØÐL,Uncommon,50,50,50,64.7419
211,116062,JU$T HØÐL,Uncommon,50,50,50,64.7419
212,146304,MOONBOY & BONES,Uncommon,50,50,50,64.7419
213,158312,MOONBOY & BONES,Uncommon,6,6,50,62.9965
214,158313,MOONBOY & BONES,Uncommon,6,6,50,62.9965
215,158315,MOONBOY STICKER,Uncommon,6,6,50,62.9965
216,158311,MOONBOY & BONES,Uncommon,7,7,50,62.8963
217,158314,MOONBOY & BONES,Uncommon,7,7,50,62.8963
218,158318,MOONBOY STICKER,Uncommon,10,10,50,62.5957
219,171730,THΞ ₿iT℃✪iИ KiD̸,Uncommon,150,150,150,55.4883
220,172582,THΞ ℃R̸ŸⓟT✪ MØØИ₿✿Ÿ$ 2.0,Uncommon,150,150,150,55.4883
221,113989,THΞ ℃R̸ŸⓟT✪ MØØИ₿✿Ÿ$ RUN BTC,Uncommon,100,100,100,53.5777
222,114287,THΞ ℃R̸ŸⓟT✪ MØØИ₿✿Ÿ$ RUN BTC WAXING,Uncommon,100,100,100,53.5777
223,114290,THΞ ℃R̸ŸⓟT✪ MØØИ₿✿Ÿ$ RUN BTC WAXING,Uncommon,100,100,100,53.5777
224,114291,THΞ ℃R̸ŸⓟT✪ MØØИ₿✿Ÿ$ RUN BTC WAXING,Uncommon,100,100,100,53.5777
225,114292,THΞ ℃R̸ŸⓟT✪ MØØИ₿✿Ÿ$ RUN BTC WAXING,Uncommon,100,100,100,53.5777
226,114293,THΞ ℃R̸ŸⓟT✪ MØØИ₿✿Ÿ$ RUN BTC WAXING,Common,100,100,100,53.5777
227,114294,THΞ ℃R̸ŸⓟT✪ MØØИ₿✿Ÿ$ RUN BTC WAXING,Common,100,100,100,53.5777
228,114295,THΞ ℃R̸ŸⓟT✪ MØØИ₿✿Ÿ$ RUN BTC WAXING,Common,100,100,100,53.5777
229,114296,THΞ ℃R̸ŸⓟT✪ MØØИ₿✿Ÿ$ RUN BTC WAXING,Common,100,100,100,53.5777
230,114297,THΞ ℃R̸ŸⓟT✪ MØØИ₿✿Ÿ$ RUN BTC WAXING,Common,100,100,100,53.5777
231,114298,THΞ ℃R̸ŸⓟT✪ MØØИ₿✿Ÿ$ RUN BTC WAXING,Common,100,100,100,53.5777
232,118174,₿iT℃✪iИ DRAGON,Common,100,100,100,53.5777
233,118176,₿iT℃✪iИ DRAGON,Common,100,100,100,53.5777
234,118177,₿iT℃✪iИ DRAGON,Common,100,100,100,53.5777
235,118178,₿iT℃✪iИ DRAGON,Common,100,100,100,53.5777
236,118179,₿iT℃✪iИ DRAGON,Common,100,100,100,53.5777
237,118182,₿iT℃✪iИ DRAGON,Common,100,100,100,53.5777
238,118183,₿iT℃✪iИ DRAGON,Common,100,100,100,53.5777
239,118184,₿iT℃✪iИ DRAGON,Common,100,100,100,53.5777
240,125974,PIG IN $H1T :),Common,100,100,100,53.5777
241,111126,THΞ ℃R̸ŸⓟT✪ MØØИ₿✿Ÿ$,Common,200,200,200,50.4783
242,154952,THΞ ℃R̸ŸⓟT✪ MØØИ₿✿Ÿ$ GRAFFITI KINGS,Common,9,9,500,49.1984
243,158329,THΞ ₿iT℃✪iИ KiD̸,Common,9,9,50,49.1984
244,158334,THΞ ₿iT℃✪iИ KiD̸,Common,9,9,50,49.1984
245,158326,THΞ ₿iT℃✪iИ KiD̸,Common,21,21,50,47.996
246,331658,THΞ ₿iT℃✪iИ KiD̸ by Jess 116,Common,25,25,25,47.5952
247,196112,THΞ ₿iT℃✪iИ KiD̸ x Alien Worlds,Common,30,30,30,47.0942
248,196143,THΞ ₿iT℃✪iИ KiD̸ x Alien Worlds,Common,30,30,30,47.0942
249,196196,THΞ ₿iT℃✪iИ KiD̸ x Alien Worlds,Common,30,30,30,47.0942
250,196201,THΞ ₿iT℃✪iИ KiD̸ x Alien Worlds,Common,30,30,30,47.0942
251,196214,THΞ ℃R̸ŸⓟT✪ MØØИ₿✿Ÿ$ x Alien Worlds,Common,30,30,30,47.0942
252,196216,THΞ ℃R̸ŸⓟT✪ MØØИ₿✿Ÿ$ x Alien Worlds,Common,30,30,30,47.0942
253,196217,THΞ ℃R̸ŸⓟT✪ MØØИ₿✿Ÿ$ x Alien Worlds,Common,30,30,30,47.0942
254,231667,THΞ ℃R̸ŸⓟT✪ MØØИ₿✿Ÿ$,Common,30,30,30,47.0942
255,342147,WINTER IS COMING,Common,30,30,30,47.0942
256,342149,OG Bitcoin KiD APE,Common,30,30,30,47.0942
257,342155,TAKE A BOW,Common,30,30,30,47.0942
258,390233,PINEAPPLE EXPRESS v3,Common,30,30,30,47.0942
259,161909,GRAFFITI KINGS $TICK£R̸ $LΔPS 3,Common,250,250,250,45.4908
260,161920,GRAFFITI KINGS $TICK£R̸ $LΔPS 2.0,Common,250,250,250,45.4908
261,161921,GRAFFITI KINGS $TICK£R̸ $LΔPS 3.0,Common,250,250,250,45.4908
262,158341,THΞ ₿iT℃✪iИ KiD̸,Common,50,50,50,45.0902
263,208120,GRAFFITI KINGS STREET GEMS #1.0,Common,50,50,50,45.0902
264,235923,THΞ HØÐL WΔRRIØR̸$ CLИΔ ,Common,50,50,50,45.0902
265,113075,HODL THΞ ℃R̸ŸⓟT✪ MØØИ₿✿Ÿ$,Common,250,250,250,41.6022
266,113081,HODL THΞ ℃R̸ŸⓟT✪ MØØИ₿✿Ÿ$,Common,250,250,250,41.6022
267,113085,HODL THΞ ℃R̸ŸⓟT✪ MØØИ₿✿Ÿ$,Common,250,250,250,41.6022
268,113087,HODL THΞ ℃R̸ŸⓟT✪ MØØИ₿✿Ÿ$,Common,250,250,250,41.6022
269,113090,HODL THΞ ℃R̸ŸⓟT✪ MØØИ₿✿Ÿ$,Common,250,250,250,41.6022
270,113092,HODL THΞ ℃R̸ŸⓟT✪ MØØИ₿✿Ÿ$,Common,250,250,250,41.6022
271,390232,PINEAPPLE EXPRESS,Common,150,150,150,35.0701
272,111141,THΞ ℃R̸ŸⓟT✪ MØØИ₿✿Ÿ$ WΔX ΔTTΔC̸K,Common,202,202,500,29.8597
273,151130,"""PORK $TAK£ 500 ph""",Common,500,500,500,21.2748
274,111480,THΞ ℃R̸ŸⓟT✪ MØØИ₿✿Ÿ$,Common,500,500,500,0
275,111967,THΞ ₿iT℃✪iИ KiD̸,Common,500,500,500,0
276,112041,THΞ ₿iT℃✪iИ KiD̸,Common,500,500,500,0
277,112043,THΞ ₿iT℃✪iИ KiD̸,Common,500,500,500,0
278,112045,THΞ ₿iT℃✪iИ KiD̸,Common,500,500,500,0
279,112048,THΞ ₿iT℃✪iИ KiD̸,Common,500,500,500,0
280,112484,THΞ ℃R̸ŸⓟT✪ MØØИ₿✿Ÿ$,Common,500,500,500,0
